onset	duration	value	responce	rt	good	TMSips	TMSppc	TMSvertex	a	bias	p	pv	ronda
64.9602	1	10	2567	2567	1	0	1	0	0	0	0.1	0.1	1
67.5434	1	20	n/a	n/a	1	n/a	n/a	n/a	n/a	n/a	n/a	n/a	n/a
68.8254	1	80	n/a	n/a	1	n/a	n/a	n/a	n/a	n/a	n/a	n/a	n/a
68.9254	1	80	n/a	n/a	1	n/a	n/a	n/a	n/a	n/a	n/a	n/a	n/a
69.1432	1	30	n/a	n/a	1	n/a	n/a	n/a	n/a	n/a	n/a	n/a	n/a
71.1598	1	10	1823.3	1823.3	1	0	1	0	0	0	0.2	0.2	2
72.993	1	20	n/a	n/a	1	n/a	n/a	n/a	n/a	n/a	n/a	n/a	n/a
74.073	1	80	n/a	n/a	1	n/a	n/a	n/a	n/a	n/a	n/a	n/a	n/a
74.173	1	80	n/a	n/a	1	n/a	n/a	n/a	n/a	n/a	n/a	n/a	n/a
74.3762	1	31	n/a	n/a	1	n/a	n/a	n/a	n/a	n/a	n/a	n/a	n/a
76.3928	1	10	1886.1	1886.1	1	0	1	0	0	0	0.9	0.9	3
78.2928	1	20	n/a	n/a	1	n/a	n/a	n/a	n/a	n/a	n/a	n/a	n/a
79.4588	1	80	n/a	n/a	1	n/a	n/a	n/a	n/a	n/a	n/a	n/a	n/a
79.5588	1	80	n/a	n/a	1	n/a	n/a	n/a	n/a	n/a	n/a	n/a	n/a
79.776	1	30	n/a	n/a	1	n/a	n/a	n/a	n/a	n/a	n/a	n/a	n/a
81.7926	1	10	1718.4	1718.4	1	0	1	0	0	0	0.1	0.1	4
83.5258	1	20	n/a	n/a	1	n/a	n/a	n/a	n/a	n/a	n/a	n/a	n/a
85.1958	1	80	n/a	n/a	1	n/a	n/a	n/a	n/a	n/a	n/a	n/a	n/a
85.2958	1	80	n/a	n/a	1	n/a	n/a	n/a	n/a	n/a	n/a	n/a	n/a
85.509	1	31	n/a	n/a	1	n/a	n/a	n/a	n/a	n/a	n/a	n/a	n/a
87.5256	1	10	1633.2	1633.2	1	0	1	0	0	0	0.8	0.8	5
89.1754	1	20	n/a	n/a	1	n/a	n/a	n/a	n/a	n/a	n/a	n/a	n/a
90.9064	1	80	n/a	n/a	1	n/a	n/a	n/a	n/a	n/a	n/a	n/a	n/a
91.0064	1	80	n/a	n/a	1	n/a	n/a	n/a	n/a	n/a	n/a	n/a	n/a
91.2086	1	31	n/a	n/a	1	n/a	n/a	n/a	n/a	n/a	n/a	n/a	n/a
93.2252	1	10	1965.4	1965.4	1	0	1	0	0	0	0.6	0.6	6
95.2084	1	20	n/a	n/a	1	n/a	n/a	n/a	n/a	n/a	n/a	n/a	n/a
96.2954	1	80	n/a	n/a	1	n/a	n/a	n/a	n/a	n/a	n/a	n/a	n/a
96.3954	1	80	n/a	n/a	1	n/a	n/a	n/a	n/a	n/a	n/a	n/a	n/a
96.6084	1	30	n/a	n/a	1	n/a	n/a	n/a	n/a	n/a	n/a	n/a	n/a
98.6248	1	10	1877.6	1877.6	1	0	1	0	0	0	0.1	0.1	7
100.508	1	20	n/a	n/a	1	n/a	n/a	n/a	n/a	n/a	n/a	n/a	n/a
102.203	1	80	n/a	n/a	1	n/a	n/a	n/a	n/a	n/a	n/a	n/a	n/a
102.303	1	80	n/a	n/a	1	n/a	n/a	n/a	n/a	n/a	n/a	n/a	n/a
102.508	1	30	n/a	n/a	1	n/a	n/a	n/a	n/a	n/a	n/a	n/a	n/a
104.5244	1	10	1449.8	1449.8	1	0	1	0	0	0	0.6	0.6	8
105.991	1	20	n/a	n/a	1	n/a	n/a	n/a	n/a	n/a	n/a	n/a	n/a
107.892	1	80	n/a	n/a	1	n/a	n/a	n/a	n/a	n/a	n/a	n/a	n/a
107.992	1	80	n/a	n/a	1	n/a	n/a	n/a	n/a	n/a	n/a	n/a	n/a
108.2076	1	31	n/a	n/a	1	n/a	n/a	n/a	n/a	n/a	n/a	n/a	n/a
110.2242	1	10	1846	1846	1	0	1	0	0	0	0.2	0.2	9
112.074	1	20	n/a	n/a	1	n/a	n/a	n/a	n/a	n/a	n/a	n/a	n/a
113.659	1	80	n/a	n/a	1	n/a	n/a	n/a	n/a	n/a	n/a	n/a	n/a
113.759	1	80	n/a	n/a	1	n/a	n/a	n/a	n/a	n/a	n/a	n/a	n/a
113.974	1	31	n/a	n/a	1	n/a	n/a	n/a	n/a	n/a	n/a	n/a	n/a
115.9904	1	10	1631.5	1631.5	1	0	1	0	0	0	0.5	0.5	10
117.6404	1	20	n/a	n/a	1	n/a	n/a	n/a	n/a	n/a	n/a	n/a	n/a
118.7604	1	80	n/a	n/a	1	n/a	n/a	n/a	n/a	n/a	n/a	n/a	n/a
118.8604	1	80	n/a	n/a	1	n/a	n/a	n/a	n/a	n/a	n/a	n/a	n/a
119.0736	1	31	n/a	n/a	1	n/a	n/a	n/a	n/a	n/a	n/a	n/a	n/a
129.1064	1	10	2435.3	2435.3	1	0	1	0	0.4	0.43296	0.8	0.9553	11
131.5562	1	20	n/a	n/a	1	n/a	n/a	n/a	n/a	n/a	n/a	n/a	n/a
133.4502	1	80	n/a	n/a	1	n/a	n/a	n/a	n/a	n/a	n/a	n/a	n/a
133.5502	1	80	n/a	n/a	1	n/a	n/a	n/a	n/a	n/a	n/a	n/a	n/a
133.756	1	31	n/a	n/a	1	n/a	n/a	n/a	n/a	n/a	n/a	n/a	n/a
135.7726	1	40	n/a	n/a	1	n/a	n/a	n/a	n/a	n/a	n/a	n/a	n/a
137.7892	1	10	1320.3	1320.3	1	0	1	0	0.5	0.27603	0.5	0.27603	12
139.1224	1	20	n/a	n/a	1	n/a	n/a	n/a	n/a	n/a	n/a	n/a	n/a
140.6404	1	80	n/a	n/a	1	n/a	n/a	n/a	n/a	n/a	n/a	n/a	n/a
140.7404	1	80	n/a	n/a	1	n/a	n/a	n/a	n/a	n/a	n/a	n/a	n/a
140.9556	1	31	n/a	n/a	1	n/a	n/a	n/a	n/a	n/a	n/a	n/a	n/a
142.9722	1	40	n/a	n/a	1	n/a	n/a	n/a	n/a	n/a	n/a	n/a	n/a
144.9888	1	10	1544.6	1544.6	1	0	1	0	0.7	0.79323	0.2	0.18421	13
146.5386	1	20	n/a	n/a	1	n/a	n/a	n/a	n/a	n/a	n/a	n/a	n/a
148.4796	1	80	n/a	n/a	1	n/a	n/a	n/a	n/a	n/a	n/a	n/a	n/a
148.5796	1	80	n/a	n/a	1	n/a	n/a	n/a	n/a	n/a	n/a	n/a	n/a
148.7886	1	30	n/a	n/a	1	n/a	n/a	n/a	n/a	n/a	n/a	n/a	n/a
150.805	1	40	n/a	n/a	1	n/a	n/a	n/a	n/a	n/a	n/a	n/a	n/a
152.8216	1	10	2559.5	2559.5	1	0	1	0	0.8	0.29726	0.9	0.9375	14
155.3882	1	20	n/a	n/a	1	n/a	n/a	n/a	n/a	n/a	n/a	n/a	n/a
156.6912	1	80	n/a	n/a	1	n/a	n/a	n/a	n/a	n/a	n/a	n/a	n/a
156.7912	1	80	n/a	n/a	1	n/a	n/a	n/a	n/a	n/a	n/a	n/a	n/a
157.0048	1	30	n/a	n/a	1	n/a	n/a	n/a	n/a	n/a	n/a	n/a	n/a
159.0212	1	40	n/a	n/a	1	n/a	n/a	n/a	n/a	n/a	n/a	n/a	n/a
161.0378	1	10	1783.1	1783.1	1	0	1	0	0.7	0.67787	0.1	0.041667	15
162.8378	1	20	n/a	n/a	1	n/a	n/a	n/a	n/a	n/a	n/a	n/a	n/a
164.2098	1	80	n/a	n/a	1	n/a	n/a	n/a	n/a	n/a	n/a	n/a	n/a
164.3098	1	80	n/a	n/a	1	n/a	n/a	n/a	n/a	n/a	n/a	n/a	n/a
164.521	1	31	n/a	n/a	1	n/a	n/a	n/a	n/a	n/a	n/a	n/a	n/a
166.5374	1	40	n/a	n/a	1	n/a	n/a	n/a	n/a	n/a	n/a	n/a	n/a
168.554	1	10	1290.8	1290.8	1	0	1	0	0.7	0.046505	0.9	0.77518	16
169.854	1	20	n/a	n/a	1	n/a	n/a	n/a	n/a	n/a	n/a	n/a	n/a
171.236	1	80	n/a	n/a	1	n/a	n/a	n/a	n/a	n/a	n/a	n/a	n/a
171.336	1	80	n/a	n/a	1	n/a	n/a	n/a	n/a	n/a	n/a	n/a	n/a
171.5538	1	31	n/a	n/a	1	n/a	n/a	n/a	n/a	n/a	n/a	n/a	n/a
173.5704	1	40	n/a	n/a	1	n/a	n/a	n/a	n/a	n/a	n/a	n/a	n/a
175.587	1	10	1345.7	1345.7	1	0	1	0	0.7	0.94917	0.1	0.21474	17
176.9368	1	20	n/a	n/a	1	n/a	n/a	n/a	n/a	n/a	n/a	n/a	n/a
178.3218	1	80	n/a	n/a	1	n/a	n/a	n/a	n/a	n/a	n/a	n/a	n/a
178.4218	1	80	n/a	n/a	1	n/a	n/a	n/a	n/a	n/a	n/a	n/a	n/a
178.6368	1	31	n/a	n/a	1	n/a	n/a	n/a	n/a	n/a	n/a	n/a	n/a
180.6534	1	40	n/a	n/a	1	n/a	n/a	n/a	n/a	n/a	n/a	n/a	n/a
182.6698	1	10	1718.7	1718.7	1	0	1	0	0.7	0.18993	0.6	0.10983	18
184.403	1	20	n/a	n/a	1	n/a	n/a	n/a	n/a	n/a	n/a	n/a	n/a
185.8092	1	80	n/a	n/a	1	n/a	n/a	n/a	n/a	n/a	n/a	n/a	n/a
185.9092	1	80	n/a	n/a	1	n/a	n/a	n/a	n/a	n/a	n/a	n/a	n/a
186.1196	1	30	n/a	n/a	1	n/a	n/a	n/a	n/a	n/a	n/a	n/a	n/a
188.1362	1	40	n/a	n/a	1	n/a	n/a	n/a	n/a	n/a	n/a	n/a	n/a
190.1528	1	10	5563.6	5563.6	1	0	1	0	0.7	0.94743	0.2	0.54399	19
195.719	1	20	n/a	n/a	1	n/a	n/a	n/a	n/a	n/a	n/a	n/a	n/a
197.4152	1	80	n/a	n/a	1	n/a	n/a	n/a	n/a	n/a	n/a	n/a	n/a
197.515	1	80	n/a	n/a	1	n/a	n/a	n/a	n/a	n/a	n/a	n/a	n/a
197.719	1	31	n/a	n/a	1	n/a	n/a	n/a	n/a	n/a	n/a	n/a	n/a
199.7356	1	40	n/a	n/a	1	n/a	n/a	n/a	n/a	n/a	n/a	n/a	n/a
201.752	1	10	1564	1564	1	0	1	0	0.5	0.28556	0.1	0.025	20
203.3186	1	20	n/a	n/a	1	n/a	n/a	n/a	n/a	n/a	n/a	n/a	n/a
204.6276	1	80	n/a	n/a	1	n/a	n/a	n/a	n/a	n/a	n/a	n/a	n/a
204.7276	1	80	n/a	n/a	1	n/a	n/a	n/a	n/a	n/a	n/a	n/a	n/a
204.9352	1	30	n/a	n/a	1	n/a	n/a	n/a	n/a	n/a	n/a	n/a	n/a
206.9518	1	40	n/a	n/a	1	n/a	n/a	n/a	n/a	n/a	n/a	n/a	n/a
216.9844	1	10	1723.3	1723.3	1	0	1	0	0	0	0.1	0.1	21
218.7178	1	20	n/a	n/a	1	n/a	n/a	n/a	n/a	n/a	n/a	n/a	n/a
220.4648	1	80	n/a	n/a	1	n/a	n/a	n/a	n/a	n/a	n/a	n/a	n/a
220.5648	1	80	n/a	n/a	1	n/a	n/a	n/a	n/a	n/a	n/a	n/a	n/a
220.7676	1	31	n/a	n/a	1	n/a	n/a	n/a	n/a	n/a	n/a	n/a	n/a
222.7842	1	10	2483.4	2483.4	1	0	1	0	0	0	0.1	0.1	22
225.284	1	20	n/a	n/a	1	n/a	n/a	n/a	n/a	n/a	n/a	n/a	n/a
226.641	1	80	n/a	n/a	1	n/a	n/a	n/a	n/a	n/a	n/a	n/a	n/a
226.741	1	80	n/a	n/a	1	n/a	n/a	n/a	n/a	n/a	n/a	n/a	n/a
226.9506	1	31	n/a	n/a	1	n/a	n/a	n/a	n/a	n/a	n/a	n/a	n/a
228.9672	1	10	1788.3	1788.3	1	0	1	0	0	0	0.5	0.5	23
230.767	1	20	n/a	n/a	1	n/a	n/a	n/a	n/a	n/a	n/a	n/a	n/a
232.669	1	80	n/a	n/a	1	n/a	n/a	n/a	n/a	n/a	n/a	n/a	n/a
232.769	1	80	n/a	n/a	1	n/a	n/a	n/a	n/a	n/a	n/a	n/a	n/a
232.9836	1	30	n/a	n/a	1	n/a	n/a	n/a	n/a	n/a	n/a	n/a	n/a
235	1	10	1899.2	1899.2	1	0	1	0	0	0	0.2	0.2	24
236.9166	1	20	n/a	n/a	1	n/a	n/a	n/a	n/a	n/a	n/a	n/a	n/a
238.6696	1	80	n/a	n/a	1	n/a	n/a	n/a	n/a	n/a	n/a	n/a	n/a
238.7696	1	80	n/a	n/a	1	n/a	n/a	n/a	n/a	n/a	n/a	n/a	n/a
238.9832	1	31	n/a	n/a	1	n/a	n/a	n/a	n/a	n/a	n/a	n/a	n/a
240.9998	1	10	2251.4	2251.4	1	0	1	0	0	0	0.8	0.8	25
243.2662	1	20	n/a	n/a	1	n/a	n/a	n/a	n/a	n/a	n/a	n/a	n/a
244.5412	1	80	n/a	n/a	1	n/a	n/a	n/a	n/a	n/a	n/a	n/a	n/a
244.6412	1	80	n/a	n/a	1	n/a	n/a	n/a	n/a	n/a	n/a	n/a	n/a
244.8496	1	31	n/a	n/a	1	n/a	n/a	n/a	n/a	n/a	n/a	n/a	n/a
246.866	1	10	1793	1793	1	0	1	0	0	0	0.9	0.9	26
248.666	1	20	n/a	n/a	1	n/a	n/a	n/a	n/a	n/a	n/a	n/a	n/a
249.771	1	80	n/a	n/a	1	n/a	n/a	n/a	n/a	n/a	n/a	n/a	n/a
249.871	1	80	n/a	n/a	1	n/a	n/a	n/a	n/a	n/a	n/a	n/a	n/a
250.0826	1	30	n/a	n/a	1	n/a	n/a	n/a	n/a	n/a	n/a	n/a	n/a
252.099	1	10	1151.8	1151.8	1	0	1	0	0	0	0.6	0.6	27
253.2656	1	20	n/a	n/a	1	n/a	n/a	n/a	n/a	n/a	n/a	n/a	n/a
254.4466	1	80	n/a	n/a	1	n/a	n/a	n/a	n/a	n/a	n/a	n/a	n/a
254.5466	1	80	n/a	n/a	1	n/a	n/a	n/a	n/a	n/a	n/a	n/a	n/a
254.749	1	30	n/a	n/a	1	n/a	n/a	n/a	n/a	n/a	n/a	n/a	n/a
256.7654	1	10	853.3	853.3	1	0	1	0	0	0	0.3	0.3	28
257.632	1	20	n/a	n/a	1	n/a	n/a	n/a	n/a	n/a	n/a	n/a	n/a
258.79	1	80	n/a	n/a	1	n/a	n/a	n/a	n/a	n/a	n/a	n/a	n/a
258.89	1	80	n/a	n/a	1	n/a	n/a	n/a	n/a	n/a	n/a	n/a	n/a
259.0986	1	30	n/a	n/a	1	n/a	n/a	n/a	n/a	n/a	n/a	n/a	n/a
261.1152	1	10	1031.5	1031.5	1	0	1	0	0	0	0.1	0.1	29
262.1652	1	20	n/a	n/a	1	n/a	n/a	n/a	n/a	n/a	n/a	n/a	n/a
263.8052	1	80	n/a	n/a	1	n/a	n/a	n/a	n/a	n/a	n/a	n/a	n/a
263.9052	1	80	n/a	n/a	1	n/a	n/a	n/a	n/a	n/a	n/a	n/a	n/a
264.115	1	30	n/a	n/a	1	n/a	n/a	n/a	n/a	n/a	n/a	n/a	n/a
266.1316	1	10	1503	1503	1	0	1	0	0	0	0.9	0.9	30
267.6482	1	20	n/a	n/a	1	n/a	n/a	n/a	n/a	n/a	n/a	n/a	n/a
269.2502	1	80	n/a	n/a	1	n/a	n/a	n/a	n/a	n/a	n/a	n/a	n/a
269.3502	1	80	n/a	n/a	1	n/a	n/a	n/a	n/a	n/a	n/a	n/a	n/a
269.5648	1	31	n/a	n/a	1	n/a	n/a	n/a	n/a	n/a	n/a	n/a	n/a
279.5974	1	10	1284.8	1284.8	1	0	1	0	0.4	0.67466	0.7	0.94977	31
280.8974	1	20	n/a	n/a	1	n/a	n/a	n/a	n/a	n/a	n/a	n/a	n/a
282.4244	1	80	n/a	n/a	1	n/a	n/a	n/a	n/a	n/a	n/a	n/a	n/a
282.5244	1	80	n/a	n/a	1	n/a	n/a	n/a	n/a	n/a	n/a	n/a	n/a
282.7306	1	31	n/a	n/a	1	n/a	n/a	n/a	n/a	n/a	n/a	n/a	n/a
284.7472	1	40	n/a	n/a	1	n/a	n/a	n/a	n/a	n/a	n/a	n/a	n/a
286.7636	1	10	1638.5	1638.5	1	0	1	0	0.6	0.17667	0.7	0.515	32
288.4136	1	20	n/a	n/a	1	n/a	n/a	n/a	n/a	n/a	n/a	n/a	n/a
289.5256	1	80	n/a	n/a	1	n/a	n/a	n/a	n/a	n/a	n/a	n/a	n/a
289.6256	1	80	n/a	n/a	1	n/a	n/a	n/a	n/a	n/a	n/a	n/a	n/a
289.8302	1	30	n/a	n/a	1	n/a	n/a	n/a	n/a	n/a	n/a	n/a	n/a
291.8468	1	40	n/a	n/a	1	n/a	n/a	n/a	n/a	n/a	n/a	n/a	n/a
293.8632	1	10	1242.7	1242.7	1	0	1	0	0.4	0.45107	0.8	0.96738	33
295.1132	1	20	n/a	n/a	1	n/a	n/a	n/a	n/a	n/a	n/a	n/a	n/a
296.3342	1	80	n/a	n/a	1	n/a	n/a	n/a	n/a	n/a	n/a	n/a	n/a
296.4342	1	80	n/a	n/a	1	n/a	n/a	n/a	n/a	n/a	n/a	n/a	n/a
296.6464	1	31	n/a	n/a	1	n/a	n/a	n/a	n/a	n/a	n/a	n/a	n/a
298.663	1	40	n/a	n/a	1	n/a	n/a	n/a	n/a	n/a	n/a	n/a	n/a
300.6796	1	10	986.3	986.3	1	0	1	0	0.7	0.51413	0.6	0.86629	34
301.6794	1	20	n/a	n/a	1	n/a	n/a	n/a	n/a	n/a	n/a	n/a	n/a
303.0654	1	80	n/a	n/a	1	n/a	n/a	n/a	n/a	n/a	n/a	n/a	n/a
303.1654	1	80	n/a	n/a	1	n/a	n/a	n/a	n/a	n/a	n/a	n/a	n/a
303.3794	1	30	n/a	n/a	1	n/a	n/a	n/a	n/a	n/a	n/a	n/a	n/a
305.396	1	40	n/a	n/a	1	n/a	n/a	n/a	n/a	n/a	n/a	n/a	n/a
307.4124	1	10	1229.2	1229.2	1	0	1	0	0.7	0.23105	0.1	0.041667	35
308.6458	1	20	n/a	n/a	1	n/a	n/a	n/a	n/a	n/a	n/a	n/a	n/a
310.0358	1	80	n/a	n/a	1	n/a	n/a	n/a	n/a	n/a	n/a	n/a	n/a
310.1358	1	80	n/a	n/a	1	n/a	n/a	n/a	n/a	n/a	n/a	n/a	n/a
310.3456	1	30	n/a	n/a	1	n/a	n/a	n/a	n/a	n/a	n/a	n/a	n/a
312.3622	1	40	n/a	n/a	1	n/a	n/a	n/a	n/a	n/a	n/a	n/a	n/a
314.3788	1	10	1462.8	1462.8	1	0	1	0	0.5	0.42065	0.8	0.975	36
315.8452	1	20	n/a	n/a	1	n/a	n/a	n/a	n/a	n/a	n/a	n/a	n/a
317.7324	1	80	n/a	n/a	1	n/a	n/a	n/a	n/a	n/a	n/a	n/a	n/a
317.8324	1	80	n/a	n/a	1	n/a	n/a	n/a	n/a	n/a	n/a	n/a	n/a
318.0452	1	30	n/a	n/a	1	n/a	n/a	n/a	n/a	n/a	n/a	n/a	n/a
320.0618	1	40	n/a	n/a	1	n/a	n/a	n/a	n/a	n/a	n/a	n/a	n/a
322.0782	1	10	787.1	787.1	1	0	1	0	0.6	0.56328	0.4	0.34492	37
322.8782	1	20	n/a	n/a	1	n/a	n/a	n/a	n/a	n/a	n/a	n/a	n/a
324.8512	1	80	n/a	n/a	1	n/a	n/a	n/a	n/a	n/a	n/a	n/a	n/a
324.9512	1	80	n/a	n/a	1	n/a	n/a	n/a	n/a	n/a	n/a	n/a	n/a
325.1614	1	30	n/a	n/a	1	n/a	n/a	n/a	n/a	n/a	n/a	n/a	n/a
327.178	1	40	n/a	n/a	1	n/a	n/a	n/a	n/a	n/a	n/a	n/a	n/a
329.1946	1	10	1094.7	1094.7	1	0	1	0	0.5	0.37125	0.1	0.025	38
330.2944	1	20	n/a	n/a	1	n/a	n/a	n/a	n/a	n/a	n/a	n/a	n/a
331.8244	1	80	n/a	n/a	1	n/a	n/a	n/a	n/a	n/a	n/a	n/a	n/a
331.9244	1	80	n/a	n/a	1	n/a	n/a	n/a	n/a	n/a	n/a	n/a	n/a
332.1276	1	31	n/a	n/a	1	n/a	n/a	n/a	n/a	n/a	n/a	n/a	n/a
334.1442	1	40	n/a	n/a	1	n/a	n/a	n/a	n/a	n/a	n/a	n/a	n/a
336.1608	1	10	1328.2	1328.2	1	0	1	0	0.8	0.15802	0.7	0.1321	39
337.494	1	20	n/a	n/a	1	n/a	n/a	n/a	n/a	n/a	n/a	n/a	n/a
338.727	1	80	n/a	n/a	1	n/a	n/a	n/a	n/a	n/a	n/a	n/a	n/a
338.827	1	80	n/a	n/a	1	n/a	n/a	n/a	n/a	n/a	n/a	n/a	n/a
339.044	1	30	n/a	n/a	1	n/a	n/a	n/a	n/a	n/a	n/a	n/a	n/a
341.0604	1	40	n/a	n/a	1	n/a	n/a	n/a	n/a	n/a	n/a	n/a	n/a
343.077	1	10	1035.9	1035.9	1	0	1	0	0.6	0.40899	0.4	0.11348	40
344.127	1	20	n/a	n/a	1	n/a	n/a	n/a	n/a	n/a	n/a	n/a	n/a
345.487	1	80	n/a	n/a	1	n/a	n/a	n/a	n/a	n/a	n/a	n/a	n/a
345.587	1	80	n/a	n/a	1	n/a	n/a	n/a	n/a	n/a	n/a	n/a	n/a
345.7936	1	30	n/a	n/a	1	n/a	n/a	n/a	n/a	n/a	n/a	n/a	n/a
347.81	1	40	n/a	n/a	1	n/a	n/a	n/a	n/a	n/a	n/a	n/a	n/a
361.9426	1	10	1561.9	1561.9	1	1	0	0	0	0	0.1	0.1	1
363.5092	1	20	n/a	n/a	1	n/a	n/a	n/a	n/a	n/a	n/a	n/a	n/a
418.537	1	80	n/a	n/a	1	n/a	n/a	n/a	n/a	n/a	n/a	n/a	n/a
418.637	1	80	n/a	n/a	1	n/a	n/a	n/a	n/a	n/a	n/a	n/a	n/a
418.8392	1	30	n/a	n/a	1	n/a	n/a	n/a	n/a	n/a	n/a	n/a	n/a
420.8558	1	10	1239.4	1239.4	1	1	0	0	0	0	0.7	0.7	2
422.1056	1	20	n/a	n/a	1	n/a	n/a	n/a	n/a	n/a	n/a	n/a	n/a
423.1336	1	80	n/a	n/a	1	n/a	n/a	n/a	n/a	n/a	n/a	n/a	n/a
423.2336	1	80	n/a	n/a	1	n/a	n/a	n/a	n/a	n/a	n/a	n/a	n/a
423.439	1	31	n/a	n/a	1	n/a	n/a	n/a	n/a	n/a	n/a	n/a	n/a
425.4554	1	10	2127.5	2127.5	1	1	0	0	0	0	0.5	0.5	3
427.5886	1	20	n/a	n/a	1	n/a	n/a	n/a	n/a	n/a	n/a	n/a	n/a
429.5606	1	80	n/a	n/a	1	n/a	n/a	n/a	n/a	n/a	n/a	n/a	n/a
429.6606	1	80	n/a	n/a	1	n/a	n/a	n/a	n/a	n/a	n/a	n/a	n/a
429.8718	1	31	n/a	n/a	1	n/a	n/a	n/a	n/a	n/a	n/a	n/a	n/a
431.8884	1	10	1646.4	1646.4	1	1	0	0	0	0	0.2	0.2	4
433.5384	1	20	n/a	n/a	1	n/a	n/a	n/a	n/a	n/a	n/a	n/a	n/a
434.6204	1	80	n/a	n/a	1	n/a	n/a	n/a	n/a	n/a	n/a	n/a	n/a
434.7204	1	80	n/a	n/a	1	n/a	n/a	n/a	n/a	n/a	n/a	n/a	n/a
434.9382	1	31	n/a	n/a	1	n/a	n/a	n/a	n/a	n/a	n/a	n/a	n/a
436.9548	1	10	1363.9	1363.9	1	1	0	0	0	0	0.4	0.4	5
438.3214	1	20	n/a	n/a	1	n/a	n/a	n/a	n/a	n/a	n/a	n/a	n/a
440.1084	1	80	n/a	n/a	1	n/a	n/a	n/a	n/a	n/a	n/a	n/a	n/a
440.2084	1	80	n/a	n/a	1	n/a	n/a	n/a	n/a	n/a	n/a	n/a	n/a
440.4212	1	30	n/a	n/a	1	n/a	n/a	n/a	n/a	n/a	n/a	n/a	n/a
442.4378	1	10	1736.8	1736.8	1	1	0	0	0	0	0.9	0.9	6
444.1876	1	20	n/a	n/a	1	n/a	n/a	n/a	n/a	n/a	n/a	n/a	n/a
445.9136	1	80	n/a	n/a	1	n/a	n/a	n/a	n/a	n/a	n/a	n/a	n/a
446.0136	1	80	n/a	n/a	1	n/a	n/a	n/a	n/a	n/a	n/a	n/a	n/a
446.2208	1	31	n/a	n/a	1	n/a	n/a	n/a	n/a	n/a	n/a	n/a	n/a
448.2374	1	10	1121	1121	1	1	0	0	0	0	0.9	0.9	7
449.3708	1	20	n/a	n/a	1	n/a	n/a	n/a	n/a	n/a	n/a	n/a	n/a
450.5978	1	80	n/a	n/a	1	n/a	n/a	n/a	n/a	n/a	n/a	n/a	n/a
450.6978	1	80	n/a	n/a	1	n/a	n/a	n/a	n/a	n/a	n/a	n/a	n/a
450.904	1	31	n/a	n/a	1	n/a	n/a	n/a	n/a	n/a	n/a	n/a	n/a
452.9204	1	10	1909.9	1909.9	1	1	0	0	0	0	0.3	0.3	8
454.837	1	20	n/a	n/a	1	n/a	n/a	n/a	n/a	n/a	n/a	n/a	n/a
456.412	1	80	n/a	n/a	1	n/a	n/a	n/a	n/a	n/a	n/a	n/a	n/a
456.512	1	80	n/a	n/a	1	n/a	n/a	n/a	n/a	n/a	n/a	n/a	n/a
456.7202	1	30	n/a	n/a	1	n/a	n/a	n/a	n/a	n/a	n/a	n/a	n/a
458.7368	1	10	2141.3	2141.3	1	1	0	0	0	0	0.1	0.1	9
460.8866	1	20	n/a	n/a	1	n/a	n/a	n/a	n/a	n/a	n/a	n/a	n/a
462.7346	1	80	n/a	n/a	1	n/a	n/a	n/a	n/a	n/a	n/a	n/a	n/a
462.8346	1	80	n/a	n/a	1	n/a	n/a	n/a	n/a	n/a	n/a	n/a	n/a
463.0366	1	31	n/a	n/a	1	n/a	n/a	n/a	n/a	n/a	n/a	n/a	n/a
465.0532	1	10	832.9	832.9	1	1	0	0	0	0	0.2	0.2	10
465.903	1	20	n/a	n/a	1	n/a	n/a	n/a	n/a	n/a	n/a	n/a	n/a
466.98	1	80	n/a	n/a	1	n/a	n/a	n/a	n/a	n/a	n/a	n/a	n/a
467.08	1	80	n/a	n/a	1	n/a	n/a	n/a	n/a	n/a	n/a	n/a	n/a
467.2864	1	31	n/a	n/a	1	n/a	n/a	n/a	n/a	n/a	n/a	n/a	n/a
477.319	1	10	3958.7	3958.7	1	1	0	0	0.7	0.6386	0.5	0.82341	11
481.2854	1	20	n/a	n/a	1	n/a	n/a	n/a	n/a	n/a	n/a	n/a	n/a
482.4284	1	80	n/a	n/a	1	n/a	n/a	n/a	n/a	n/a	n/a	n/a	n/a
482.5284	1	80	n/a	n/a	1	n/a	n/a	n/a	n/a	n/a	n/a	n/a	n/a
482.7354	1	30	n/a	n/a	1	n/a	n/a	n/a	n/a	n/a	n/a	n/a	n/a
484.752	1	40	n/a	n/a	1	n/a	n/a	n/a	n/a	n/a	n/a	n/a	n/a
486.7684	1	10	941	941	1	1	0	0	0.5	0.38668	0.1	0.025	12
487.7184	1	20	n/a	n/a	1	n/a	n/a	n/a	n/a	n/a	n/a	n/a	n/a
488.9364	1	80	n/a	n/a	1	n/a	n/a	n/a	n/a	n/a	n/a	n/a	n/a
489.0364	1	80	n/a	n/a	1	n/a	n/a	n/a	n/a	n/a	n/a	n/a	n/a
489.2516	1	31	n/a	n/a	1	n/a	n/a	n/a	n/a	n/a	n/a	n/a	n/a
491.2682	1	40	n/a	n/a	1	n/a	n/a	n/a	n/a	n/a	n/a	n/a	n/a
493.2848	1	10	1224.6	1224.6	1	1	0	0	0.7	0.80422	0.9	0.95833	13
494.518	1	20	n/a	n/a	1	n/a	n/a	n/a	n/a	n/a	n/a	n/a	n/a
495.632	1	80	n/a	n/a	1	n/a	n/a	n/a	n/a	n/a	n/a	n/a	n/a
495.732	1	80	n/a	n/a	1	n/a	n/a	n/a	n/a	n/a	n/a	n/a	n/a
495.9346	1	30	n/a	n/a	1	n/a	n/a	n/a	n/a	n/a	n/a	n/a	n/a
497.9512	1	40	n/a	n/a	1	n/a	n/a	n/a	n/a	n/a	n/a	n/a	n/a
499.9678	1	10	1709.5	1709.5	1	1	0	0	0.4	0.95738	0.4	0.63825	14
501.6842	1	20	n/a	n/a	1	n/a	n/a	n/a	n/a	n/a	n/a	n/a	n/a
503.3172	1	80	n/a	n/a	1	n/a	n/a	n/a	n/a	n/a	n/a	n/a	n/a
503.4172	1	80	n/a	n/a	1	n/a	n/a	n/a	n/a	n/a	n/a	n/a	n/a
503.6342	1	31	n/a	n/a	1	n/a	n/a	n/a	n/a	n/a	n/a	n/a	n/a
505.6506	1	40	n/a	n/a	1	n/a	n/a	n/a	n/a	n/a	n/a	n/a	n/a
507.6672	1	10	1577.8	1577.8	1	1	0	0	0.7	0.60311	0.1	0.041667	15
509.2504	1	20	n/a	n/a	1	n/a	n/a	n/a	n/a	n/a	n/a	n/a	n/a
510.5904	1	80	n/a	n/a	1	n/a	n/a	n/a	n/a	n/a	n/a	n/a	n/a
510.6904	1	80	n/a	n/a	1	n/a	n/a	n/a	n/a	n/a	n/a	n/a	n/a
510.9004	1	30	n/a	n/a	1	n/a	n/a	n/a	n/a	n/a	n/a	n/a	n/a
512.917	1	40	n/a	n/a	1	n/a	n/a	n/a	n/a	n/a	n/a	n/a	n/a
514.9334	1	10	1031.4	1031.4	1	1	0	0	0.7	0.20309	0.8	0.8072	16
515.9834	1	20	n/a	n/a	1	n/a	n/a	n/a	n/a	n/a	n/a	n/a	n/a
517.3884	1	80	n/a	n/a	1	n/a	n/a	n/a	n/a	n/a	n/a	n/a	n/a
517.4884	1	80	n/a	n/a	1	n/a	n/a	n/a	n/a	n/a	n/a	n/a	n/a
517.7	1	30	n/a	n/a	1	n/a	n/a	n/a	n/a	n/a	n/a	n/a	n/a
519.7166	1	40	n/a	n/a	1	n/a	n/a	n/a	n/a	n/a	n/a	n/a	n/a
521.733	1	10	1191.7	1191.7	1	1	0	0	0.8	0.50529	0.5	0.52114	17
522.933	1	20	n/a	n/a	1	n/a	n/a	n/a	n/a	n/a	n/a	n/a	n/a
524.27	1	80	n/a	n/a	1	n/a	n/a	n/a	n/a	n/a	n/a	n/a	n/a
524.37	1	80	n/a	n/a	1	n/a	n/a	n/a	n/a	n/a	n/a	n/a	n/a
524.583	1	30	n/a	n/a	1	n/a	n/a	n/a	n/a	n/a	n/a	n/a	n/a
526.5994	1	40	n/a	n/a	1	n/a	n/a	n/a	n/a	n/a	n/a	n/a	n/a
528.616	1	10	1204.6	1204.6	1	1	0	0	0.7	0.84893	0.2	0.31416	18
529.8326	1	20	n/a	n/a	1	n/a	n/a	n/a	n/a	n/a	n/a	n/a	n/a
530.8836	1	80	n/a	n/a	1	n/a	n/a	n/a	n/a	n/a	n/a	n/a	n/a
530.9836	1	80	n/a	n/a	1	n/a	n/a	n/a	n/a	n/a	n/a	n/a	n/a
531.1992	1	31	n/a	n/a	1	n/a	n/a	n/a	n/a	n/a	n/a	n/a	n/a
533.2158	1	40	n/a	n/a	1	n/a	n/a	n/a	n/a	n/a	n/a	n/a	n/a
535.2322	1	10	4908.1	4908.1	1	1	0	0	0.6	0.070149	0.6	0.10522	19
540.1486	1	20	n/a	n/a	1	n/a	n/a	n/a	n/a	n/a	n/a	n/a	n/a
541.3866	1	80	n/a	n/a	1	n/a	n/a	n/a	n/a	n/a	n/a	n/a	n/a
541.4866	1	80	n/a	n/a	1	n/a	n/a	n/a	n/a	n/a	n/a	n/a	n/a
541.6986	1	30	n/a	n/a	1	n/a	n/a	n/a	n/a	n/a	n/a	n/a	n/a
543.7152	1	40	n/a	n/a	1	n/a	n/a	n/a	n/a	n/a	n/a	n/a	n/a
545.7316	1	10	888.6	888.6	1	1	0	0	0.4	0.68469	0.5	0.62313	20
546.6316	1	20	n/a	n/a	1	n/a	n/a	n/a	n/a	n/a	n/a	n/a	n/a
548.5396	1	80	n/a	n/a	1	n/a	n/a	n/a	n/a	n/a	n/a	n/a	n/a
548.6396	1	80	n/a	n/a	1	n/a	n/a	n/a	n/a	n/a	n/a	n/a	n/a
548.8482	1	30	n/a	n/a	1	n/a	n/a	n/a	n/a	n/a	n/a	n/a	n/a
550.8646	1	40	n/a	n/a	1	n/a	n/a	n/a	n/a	n/a	n/a	n/a	n/a
560.8974	1	10	746.5	746.5	1	1	0	0	0	0	0.4	0.4	21
561.6474	1	20	n/a	n/a	1	n/a	n/a	n/a	n/a	n/a	n/a	n/a	n/a
562.8974	1	80	n/a	n/a	1	n/a	n/a	n/a	n/a	n/a	n/a	n/a	n/a
562.9974	1	80	n/a	n/a	1	n/a	n/a	n/a	n/a	n/a	n/a	n/a	n/a
563.214	1	31	n/a	n/a	1	n/a	n/a	n/a	n/a	n/a	n/a	n/a	n/a
565.2304	1	10	813.3	813.3	1	1	0	0	0	0	0.3	0.3	22
566.0472	1	20	n/a	n/a	1	n/a	n/a	n/a	n/a	n/a	n/a	n/a	n/a
567.4402	1	80	n/a	n/a	1	n/a	n/a	n/a	n/a	n/a	n/a	n/a	n/a
567.5402	1	80	n/a	n/a	1	n/a	n/a	n/a	n/a	n/a	n/a	n/a	n/a
567.747	1	31	n/a	n/a	1	n/a	n/a	n/a	n/a	n/a	n/a	n/a	n/a
569.7636	1	10	1304.1	1304.1	1	1	0	0	0	0	0.6	0.6	23
571.0802	1	20	n/a	n/a	1	n/a	n/a	n/a	n/a	n/a	n/a	n/a	n/a
572.8302	1	80	n/a	n/a	1	n/a	n/a	n/a	n/a	n/a	n/a	n/a	n/a
572.9302	1	80	n/a	n/a	1	n/a	n/a	n/a	n/a	n/a	n/a	n/a	n/a
573.1466	1	31	n/a	n/a	1	n/a	n/a	n/a	n/a	n/a	n/a	n/a	n/a
575.1632	1	10	1856.2	1856.2	1	1	0	0	0	0	0.1	0.1	24
577.0298	1	20	n/a	n/a	1	n/a	n/a	n/a	n/a	n/a	n/a	n/a	n/a
578.4378	1	80	n/a	n/a	1	n/a	n/a	n/a	n/a	n/a	n/a	n/a	n/a
578.5378	1	80	n/a	n/a	1	n/a	n/a	n/a	n/a	n/a	n/a	n/a	n/a
578.7464	1	30	n/a	n/a	1	n/a	n/a	n/a	n/a	n/a	n/a	n/a	n/a
580.763	1	10	2016.5	2016.5	1	1	0	0	0	0	0.1	0.1	25
582.7962	1	20	n/a	n/a	1	n/a	n/a	n/a	n/a	n/a	n/a	n/a	n/a
584.4882	1	80	n/a	n/a	1	n/a	n/a	n/a	n/a	n/a	n/a	n/a	n/a
584.5882	1	80	n/a	n/a	1	n/a	n/a	n/a	n/a	n/a	n/a	n/a	n/a
584.796	1	30	n/a	n/a	1	n/a	n/a	n/a	n/a	n/a	n/a	n/a	n/a
586.8126	1	10	622.7	622.7	1	1	0	0	0	0	0.8	0.8	26
587.4458	1	20	n/a	n/a	1	n/a	n/a	n/a	n/a	n/a	n/a	n/a	n/a
589.1818	1	80	n/a	n/a	1	n/a	n/a	n/a	n/a	n/a	n/a	n/a	n/a
589.2818	1	80	n/a	n/a	1	n/a	n/a	n/a	n/a	n/a	n/a	n/a	n/a
589.4958	1	30	n/a	n/a	1	n/a	n/a	n/a	n/a	n/a	n/a	n/a	n/a
591.5122	1	10	898.9	898.9	1	1	0	0	0	0	0.6	0.6	27
592.4288	1	20	n/a	n/a	1	n/a	n/a	n/a	n/a	n/a	n/a	n/a	n/a
593.5218	1	80	n/a	n/a	1	n/a	n/a	n/a	n/a	n/a	n/a	n/a	n/a
593.6218	1	80	n/a	n/a	1	n/a	n/a	n/a	n/a	n/a	n/a	n/a	n/a
593.8288	1	30	n/a	n/a	1	n/a	n/a	n/a	n/a	n/a	n/a	n/a	n/a
595.8454	1	10	709.7	709.7	1	1	0	0	0	0	0.1	0.1	28
596.562	1	20	n/a	n/a	1	n/a	n/a	n/a	n/a	n/a	n/a	n/a	n/a
597.566	1	80	n/a	n/a	1	n/a	n/a	n/a	n/a	n/a	n/a	n/a	n/a
597.666	1	80	n/a	n/a	1	n/a	n/a	n/a	n/a	n/a	n/a	n/a	n/a
597.8786	1	31	n/a	n/a	1	n/a	n/a	n/a	n/a	n/a	n/a	n/a	n/a
599.8952	1	10	3347.8	3347.8	1	1	0	0	0	0	0.2	0.2	29
603.2616	1	20	n/a	n/a	1	n/a	n/a	n/a	n/a	n/a	n/a	n/a	n/a
604.6576	1	80	n/a	n/a	1	n/a	n/a	n/a	n/a	n/a	n/a	n/a	n/a
604.7576	1	80	n/a	n/a	1	n/a	n/a	n/a	n/a	n/a	n/a	n/a	n/a
604.9614	1	30	n/a	n/a	1	n/a	n/a	n/a	n/a	n/a	n/a	n/a	n/a
606.978	1	10	904.8	904.8	1	1	0	0	0	0	0.1	0.1	30
607.8946	1	20	n/a	n/a	1	n/a	n/a	n/a	n/a	n/a	n/a	n/a	n/a
609.5506	1	80	n/a	n/a	1	n/a	n/a	n/a	n/a	n/a	n/a	n/a	n/a
609.6506	1	80	n/a	n/a	1	n/a	n/a	n/a	n/a	n/a	n/a	n/a	n/a
609.8612	1	31	n/a	n/a	1	n/a	n/a	n/a	n/a	n/a	n/a	n/a	n/a
619.894	1	10	884.6	884.6	1	1	0	0	0.6	0.38249	0.6	0.57374	31
620.7938	1	20	n/a	n/a	1	n/a	n/a	n/a	n/a	n/a	n/a	n/a	n/a
622.6838	1	80	n/a	n/a	1	n/a	n/a	n/a	n/a	n/a	n/a	n/a	n/a
622.7838	1	80	n/a	n/a	1	n/a	n/a	n/a	n/a	n/a	n/a	n/a	n/a
622.9938	1	31	n/a	n/a	1	n/a	n/a	n/a	n/a	n/a	n/a	n/a	n/a
625.0102	1	40	n/a	n/a	1	n/a	n/a	n/a	n/a	n/a	n/a	n/a	n/a
627.0268	1	10	1815.5	1815.5	1	1	0	0	0.5	0.066495	0.1	0.025	32
628.86	1	20	n/a	n/a	1	n/a	n/a	n/a	n/a	n/a	n/a	n/a	n/a
630.81	1	80	n/a	n/a	1	n/a	n/a	n/a	n/a	n/a	n/a	n/a	n/a
630.91	1	80	n/a	n/a	1	n/a	n/a	n/a	n/a	n/a	n/a	n/a	n/a
631.1266	1	31	n/a	n/a	1	n/a	n/a	n/a	n/a	n/a	n/a	n/a	n/a
633.1432	1	40	n/a	n/a	1	n/a	n/a	n/a	n/a	n/a	n/a	n/a	n/a
635.1596	1	10	930.5	930.5	1	1	0	0	0.4	0.18681	0.8	0.7912	33
636.093	1	20	n/a	n/a	1	n/a	n/a	n/a	n/a	n/a	n/a	n/a	n/a
637.346	1	80	n/a	n/a	1	n/a	n/a	n/a	n/a	n/a	n/a	n/a	n/a
637.446	1	80	n/a	n/a	1	n/a	n/a	n/a	n/a	n/a	n/a	n/a	n/a
637.6596	1	31	n/a	n/a	1	n/a	n/a	n/a	n/a	n/a	n/a	n/a	n/a
639.676	1	40	n/a	n/a	1	n/a	n/a	n/a	n/a	n/a	n/a	n/a	n/a
641.6926	1	10	2173.4	2173.4	1	1	0	0	0.8	0.0032876	0.7	0.0625	34
643.8758	1	20	n/a	n/a	1	n/a	n/a	n/a	n/a	n/a	n/a	n/a	n/a
645.5348	1	80	n/a	n/a	1	n/a	n/a	n/a	n/a	n/a	n/a	n/a	n/a
645.6348	1	80	n/a	n/a	1	n/a	n/a	n/a	n/a	n/a	n/a	n/a	n/a
645.8424	1	31	n/a	n/a	1	n/a	n/a	n/a	n/a	n/a	n/a	n/a	n/a
647.859	1	40	n/a	n/a	1	n/a	n/a	n/a	n/a	n/a	n/a	n/a	n/a
649.8754	1	10	2406.3	2406.3	1	1	0	0	0.8	0.83442	0.2	0.33767	35
652.292	1	20	n/a	n/a	1	n/a	n/a	n/a	n/a	n/a	n/a	n/a	n/a
654.145	1	80	n/a	n/a	1	n/a	n/a	n/a	n/a	n/a	n/a	n/a	n/a
654.245	1	80	n/a	n/a	1	n/a	n/a	n/a	n/a	n/a	n/a	n/a	n/a
654.4586	1	31	n/a	n/a	1	n/a	n/a	n/a	n/a	n/a	n/a	n/a	n/a
656.475	1	40	n/a	n/a	1	n/a	n/a	n/a	n/a	n/a	n/a	n/a	n/a
658.4916	1	10	6045.9	6045.9	1	1	0	0	0.6	0.20586	0.8	0.80878	36
664.5412	1	20	n/a	n/a	1	n/a	n/a	n/a	n/a	n/a	n/a	n/a	n/a
665.7822	1	80	n/a	n/a	1	n/a	n/a	n/a	n/a	n/a	n/a	n/a	n/a
665.8822	1	80	n/a	n/a	1	n/a	n/a	n/a	n/a	n/a	n/a	n/a	n/a
666.0912	1	30	n/a	n/a	1	n/a	n/a	n/a	n/a	n/a	n/a	n/a	n/a
668.1078	1	40	n/a	n/a	1	n/a	n/a	n/a	n/a	n/a	n/a	n/a	n/a
670.1242	1	10	3661.1	3661.1	1	1	0	0	0.6	0.57608	0.6	0.86412	37
673.7908	1	20	n/a	n/a	1	n/a	n/a	n/a	n/a	n/a	n/a	n/a	n/a
675.1378	1	80	n/a	n/a	1	n/a	n/a	n/a	n/a	n/a	n/a	n/a	n/a
675.2378	1	80	n/a	n/a	1	n/a	n/a	n/a	n/a	n/a	n/a	n/a	n/a
675.4406	1	31	n/a	n/a	1	n/a	n/a	n/a	n/a	n/a	n/a	n/a	n/a
677.4572	1	40	n/a	n/a	1	n/a	n/a	n/a	n/a	n/a	n/a	n/a	n/a
679.4738	1	10	5815.3	5815.3	1	1	0	0	0.7	0.12053	0.7	0.28123	38
685.3066	1	20	n/a	n/a	1	n/a	n/a	n/a	n/a	n/a	n/a	n/a	n/a
686.4388	1	80	n/a	n/a	1	n/a	n/a	n/a	n/a	n/a	n/a	n/a	n/a
686.5388	1	80	n/a	n/a	1	n/a	n/a	n/a	n/a	n/a	n/a	n/a	n/a
686.7566	1	30	n/a	n/a	1	n/a	n/a	n/a	n/a	n/a	n/a	n/a	n/a
688.7732	1	40	n/a	n/a	1	n/a	n/a	n/a	n/a	n/a	n/a	n/a	n/a
690.7898	1	10	595.2	595.2	1	1	0	0	0.5	0.035609	0.9	0.83561	39
691.3896	1	20	n/a	n/a	1	n/a	n/a	n/a	n/a	n/a	n/a	n/a	n/a
692.6996	1	80	n/a	n/a	1	n/a	n/a	n/a	n/a	n/a	n/a	n/a	n/a
692.7996	1	80	n/a	n/a	1	n/a	n/a	n/a	n/a	n/a	n/a	n/a	n/a
693.0062	1	31	n/a	n/a	1	n/a	n/a	n/a	n/a	n/a	n/a	n/a	n/a
695.0228	1	40	n/a	n/a	1	n/a	n/a	n/a	n/a	n/a	n/a	n/a	n/a
697.0394	1	10	665.5	665.5	1	1	0	0	0.4	0.86904	0.3	0.41269	40
697.7226	1	20	n/a	n/a	1	n/a	n/a	n/a	n/a	n/a	n/a	n/a	n/a
698.9286	1	80	n/a	n/a	1	n/a	n/a	n/a	n/a	n/a	n/a	n/a	n/a
699.0286	1	80	n/a	n/a	1	n/a	n/a	n/a	n/a	n/a	n/a	n/a	n/a
699.2392	1	31	n/a	n/a	1	n/a	n/a	n/a	n/a	n/a	n/a	n/a	n/a
701.2558	1	40	n/a	n/a	1	n/a	n/a	n/a	n/a	n/a	n/a	n/a	n/a
775.218	1	10	1509	1509	1	1	0	0	0	0	0.9	0.9	1
776.7346	1	20	n/a	n/a	1	n/a	n/a	n/a	n/a	n/a	n/a	n/a	n/a
778.6476	1	80	n/a	n/a	1	n/a	n/a	n/a	n/a	n/a	n/a	n/a	n/a
778.7476	1	80	n/a	n/a	1	n/a	n/a	n/a	n/a	n/a	n/a	n/a	n/a
778.9512	1	31	n/a	n/a	1	n/a	n/a	n/a	n/a	n/a	n/a	n/a	n/a
780.9676	1	10	703.1	703.1	1	1	0	0	0	0	0.7	0.7	2
781.6842	1	20	n/a	n/a	1	n/a	n/a	n/a	n/a	n/a	n/a	n/a	n/a
783.4164	1	80	n/a	n/a	1	n/a	n/a	n/a	n/a	n/a	n/a	n/a	n/a
783.5164	1	80	n/a	n/a	1	n/a	n/a	n/a	n/a	n/a	n/a	n/a	n/a
783.7342	1	30	n/a	n/a	1	n/a	n/a	n/a	n/a	n/a	n/a	n/a	n/a
785.7508	1	10	1120	1120	1	1	0	0	0	0	0.8	0.8	3
786.884	1	20	n/a	n/a	1	n/a	n/a	n/a	n/a	n/a	n/a	n/a	n/a
788.601	1	80	n/a	n/a	1	n/a	n/a	n/a	n/a	n/a	n/a	n/a	n/a
788.701	1	80	n/a	n/a	1	n/a	n/a	n/a	n/a	n/a	n/a	n/a	n/a
788.9172	1	30	n/a	n/a	1	n/a	n/a	n/a	n/a	n/a	n/a	n/a	n/a
790.9338	1	10	1600.8	1600.8	1	1	0	0	0	0	0.8	0.8	4
792.5504	1	20	n/a	n/a	1	n/a	n/a	n/a	n/a	n/a	n/a	n/a	n/a
793.7584	1	80	n/a	n/a	1	n/a	n/a	n/a	n/a	n/a	n/a	n/a	n/a
793.8584	1	80	n/a	n/a	1	n/a	n/a	n/a	n/a	n/a	n/a	n/a	n/a
794.067	1	31	n/a	n/a	1	n/a	n/a	n/a	n/a	n/a	n/a	n/a	n/a
796.0834	1	10	5266.9	5266.9	1	1	0	0	0	0	0.8	0.8	5
801.3664	1	20	n/a	n/a	1	n/a	n/a	n/a	n/a	n/a	n/a	n/a	n/a
802.5124	1	80	n/a	n/a	1	n/a	n/a	n/a	n/a	n/a	n/a	n/a	n/a
802.6124	1	80	n/a	n/a	1	n/a	n/a	n/a	n/a	n/a	n/a	n/a	n/a
802.8164	1	31	n/a	n/a	1	n/a	n/a	n/a	n/a	n/a	n/a	n/a	n/a
804.833	1	10	1701.3	1701.3	1	1	0	0	0	0	0.6	0.6	6
806.5494	1	20	n/a	n/a	1	n/a	n/a	n/a	n/a	n/a	n/a	n/a	n/a
807.7836	1	80	n/a	n/a	1	n/a	n/a	n/a	n/a	n/a	n/a	n/a	n/a
807.8836	1	80	n/a	n/a	1	n/a	n/a	n/a	n/a	n/a	n/a	n/a	n/a
808.0994	1	30	n/a	n/a	1	n/a	n/a	n/a	n/a	n/a	n/a	n/a	n/a
810.116	1	10	4482.1	4482.1	1	1	0	0	0	0	0.1	0.1	7
814.6156	1	20	n/a	n/a	1	n/a	n/a	n/a	n/a	n/a	n/a	n/a	n/a
816.2896	1	80	n/a	n/a	1	n/a	n/a	n/a	n/a	n/a	n/a	n/a	n/a
816.3896	1	80	n/a	n/a	1	n/a	n/a	n/a	n/a	n/a	n/a	n/a	n/a
816.5988	1	31	n/a	n/a	1	n/a	n/a	n/a	n/a	n/a	n/a	n/a	n/a
818.6154	1	10	1310.5	1310.5	1	1	0	0	0	0	0.8	0.8	8
819.932	1	20	n/a	n/a	1	n/a	n/a	n/a	n/a	n/a	n/a	n/a	n/a
821.899	1	80	n/a	n/a	1	n/a	n/a	n/a	n/a	n/a	n/a	n/a	n/a
821.999	1	80	n/a	n/a	1	n/a	n/a	n/a	n/a	n/a	n/a	n/a	n/a
822.2152	1	31	n/a	n/a	1	n/a	n/a	n/a	n/a	n/a	n/a	n/a	n/a
824.2318	1	10	6125.9	6125.9	1	1	0	0	0	0	0.9	0.9	9
830.3648	1	20	n/a	n/a	1	n/a	n/a	n/a	n/a	n/a	n/a	n/a	n/a
832.0478	1	80	n/a	n/a	1	n/a	n/a	n/a	n/a	n/a	n/a	n/a	n/a
832.1478	1	80	n/a	n/a	1	n/a	n/a	n/a	n/a	n/a	n/a	n/a	n/a
832.3646	1	31	n/a	n/a	1	n/a	n/a	n/a	n/a	n/a	n/a	n/a	n/a
834.3812	1	10	5112.3	5112.3	1	1	0	0	0	0	0.8	0.8	10
839.4976	1	20	n/a	n/a	1	n/a	n/a	n/a	n/a	n/a	n/a	n/a	n/a
841.2046	1	80	n/a	n/a	1	n/a	n/a	n/a	n/a	n/a	n/a	n/a	n/a
841.3046	1	80	n/a	n/a	1	n/a	n/a	n/a	n/a	n/a	n/a	n/a	n/a
841.514	1	30	n/a	n/a	1	n/a	n/a	n/a	n/a	n/a	n/a	n/a	n/a
851.5468	1	10	5866.3	5866.3	1	1	0	0	0.8	0.5874	0.4	0.34961	11
857.4298	1	20	n/a	n/a	1	n/a	n/a	n/a	n/a	n/a	n/a	n/a	n/a
858.8618	1	80	n/a	n/a	1	n/a	n/a	n/a	n/a	n/a	n/a	n/a	n/a
858.9618	1	80	n/a	n/a	1	n/a	n/a	n/a	n/a	n/a	n/a	n/a	n/a
859.1798	1	31	n/a	n/a	1	n/a	n/a	n/a	n/a	n/a	n/a	n/a	n/a
861.1962	1	40	n/a	n/a	1	n/a	n/a	n/a	n/a	n/a	n/a	n/a	n/a
863.2128	1	10	1224.2	1224.2	1	1	0	0	0.5	0.53637	0.1	0.025	12
864.446	1	20	n/a	n/a	1	n/a	n/a	n/a	n/a	n/a	n/a	n/a	n/a
865.529	1	80	n/a	n/a	1	n/a	n/a	n/a	n/a	n/a	n/a	n/a	n/a
865.629	1	80	n/a	n/a	1	n/a	n/a	n/a	n/a	n/a	n/a	n/a	n/a
865.846	1	31	n/a	n/a	1	n/a	n/a	n/a	n/a	n/a	n/a	n/a	n/a
867.8626	1	40	n/a	n/a	1	n/a	n/a	n/a	n/a	n/a	n/a	n/a	n/a
869.879	1	10	7165.6	7165.6	1	1	0	0	0.6	0.05473	0.7	0.3321	13
877.062	1	20	n/a	n/a	1	n/a	n/a	n/a	n/a	n/a	n/a	n/a	n/a
878.831	1	80	n/a	n/a	1	n/a	n/a	n/a	n/a	n/a	n/a	n/a	n/a
878.931	1	80	n/a	n/a	1	n/a	n/a	n/a	n/a	n/a	n/a	n/a	n/a
879.1452	1	30	n/a	n/a	1	n/a	n/a	n/a	n/a	n/a	n/a	n/a	n/a
881.1618	1	40	n/a	n/a	1	n/a	n/a	n/a	n/a	n/a	n/a	n/a	n/a
883.1782	1	10	2250.1	2250.1	1	1	0	0	0.4	0.75785	0.3	0.33856	14
885.4448	1	20	n/a	n/a	1	n/a	n/a	n/a	n/a	n/a	n/a	n/a	n/a
886.5468	1	80	n/a	n/a	1	n/a	n/a	n/a	n/a	n/a	n/a	n/a	n/a
886.6468	1	80	n/a	n/a	1	n/a	n/a	n/a	n/a	n/a	n/a	n/a	n/a
886.8614	1	30	n/a	n/a	1	n/a	n/a	n/a	n/a	n/a	n/a	n/a	n/a
888.878	1	40	n/a	n/a	1	n/a	n/a	n/a	n/a	n/a	n/a	n/a	n/a
890.8944	1	10	2821.7	2821.7	1	1	0	0	0.5	0.02314	0.9	0.82314	15
893.7276	1	20	n/a	n/a	1	n/a	n/a	n/a	n/a	n/a	n/a	n/a	n/a
895.3776	1	80	n/a	n/a	1	n/a	n/a	n/a	n/a	n/a	n/a	n/a	n/a
895.4776	1	80	n/a	n/a	1	n/a	n/a	n/a	n/a	n/a	n/a	n/a	n/a
895.6942	1	30	n/a	n/a	1	n/a	n/a	n/a	n/a	n/a	n/a	n/a	n/a
897.7108	1	40	n/a	n/a	1	n/a	n/a	n/a	n/a	n/a	n/a	n/a	n/a
899.7274	1	10	-99	-99	1	1	0	0	0.8	0.024689	0.8	0.098756	16
963.6562	1	20	n/a	n/a	1	n/a	n/a	n/a	n/a	n/a	n/a	n/a	n/a
965.1152	1	80	n/a	n/a	1	n/a	n/a	n/a	n/a	n/a	n/a	n/a	n/a
965.2152	1	80	n/a	n/a	1	n/a	n/a	n/a	n/a	n/a	n/a	n/a	n/a
965.4226	1	31	n/a	n/a	1	n/a	n/a	n/a	n/a	n/a	n/a	n/a	n/a
967.4392	1	40	n/a	n/a	1	n/a	n/a	n/a	n/a	n/a	n/a	n/a	n/a
969.4558	1	10	802.6	802.6	1	1	0	0	0.7	0.82662	0.2	0.26212	17
970.2724	1	20	n/a	n/a	1	n/a	n/a	n/a	n/a	n/a	n/a	n/a	n/a
971.3864	1	80	n/a	n/a	1	n/a	n/a	n/a	n/a	n/a	n/a	n/a	n/a
971.4864	1	80	n/a	n/a	1	n/a	n/a	n/a	n/a	n/a	n/a	n/a	n/a
971.689	1	31	n/a	n/a	1	n/a	n/a	n/a	n/a	n/a	n/a	n/a	n/a
973.7056	1	40	n/a	n/a	1	n/a	n/a	n/a	n/a	n/a	n/a	n/a	n/a
975.722	1	10	728.2	728.2	1	1	0	0	0.7	0.40518	0.9	0.95833	18
976.4554	1	20	n/a	n/a	1	n/a	n/a	n/a	n/a	n/a	n/a	n/a	n/a
978.1114	1	80	n/a	n/a	1	n/a	n/a	n/a	n/a	n/a	n/a	n/a	n/a
978.2114	1	80	n/a	n/a	1	n/a	n/a	n/a	n/a	n/a	n/a	n/a	n/a
978.422	1	31	n/a	n/a	1	n/a	n/a	n/a	n/a	n/a	n/a	n/a	n/a
980.4384	1	40	n/a	n/a	1	n/a	n/a	n/a	n/a	n/a	n/a	n/a	n/a
982.455	1	10	1067.1	1067.1	1	1	0	0	0.6	0.027524	0.9	0.79129	19
983.5382	1	20	n/a	n/a	1	n/a	n/a	n/a	n/a	n/a	n/a	n/a	n/a
985.3282	1	80	n/a	n/a	1	n/a	n/a	n/a	n/a	n/a	n/a	n/a	n/a
985.4282	1	80	n/a	n/a	1	n/a	n/a	n/a	n/a	n/a	n/a	n/a	n/a
985.6382	1	30	n/a	n/a	1	n/a	n/a	n/a	n/a	n/a	n/a	n/a	n/a
987.6548	1	40	n/a	n/a	1	n/a	n/a	n/a	n/a	n/a	n/a	n/a	n/a
989.6712	1	10	1066.6	1066.6	1	1	0	0	0.4	0.75834	0.2	0.17223	20
990.7546	1	20	n/a	n/a	1	n/a	n/a	n/a	n/a	n/a	n/a	n/a	n/a
992.5436	1	80	n/a	n/a	1	n/a	n/a	n/a	n/a	n/a	n/a	n/a	n/a
992.6436	1	80	n/a	n/a	1	n/a	n/a	n/a	n/a	n/a	n/a	n/a	n/a
992.8544	1	30	n/a	n/a	1	n/a	n/a	n/a	n/a	n/a	n/a	n/a	n/a
994.871	1	40	n/a	n/a	1	n/a	n/a	n/a	n/a	n/a	n/a	n/a	n/a
1004.9036	1	10	681.9	681.9	1	1	0	0	0	0	0.4	0.4	21
1005.6036	1	20	n/a	n/a	1	n/a	n/a	n/a	n/a	n/a	n/a	n/a	n/a
1007.3056	1	80	n/a	n/a	1	n/a	n/a	n/a	n/a	n/a	n/a	n/a	n/a
1007.4056	1	80	n/a	n/a	1	n/a	n/a	n/a	n/a	n/a	n/a	n/a	n/a
1007.6202	1	30	n/a	n/a	1	n/a	n/a	n/a	n/a	n/a	n/a	n/a	n/a
1009.6368	1	10	940.7	940.7	1	1	0	0	0	0	0.4	0.4	22
1010.5866	1	20	n/a	n/a	1	n/a	n/a	n/a	n/a	n/a	n/a	n/a	n/a
1011.9176	1	80	n/a	n/a	1	n/a	n/a	n/a	n/a	n/a	n/a	n/a	n/a
1012.0176	1	80	n/a	n/a	1	n/a	n/a	n/a	n/a	n/a	n/a	n/a	n/a
1012.22	1	31	n/a	n/a	1	n/a	n/a	n/a	n/a	n/a	n/a	n/a	n/a
1014.2364	1	10	1108.9	1108.9	1	1	0	0	0	0	0.5	0.5	23
1015.353	1	20	n/a	n/a	1	n/a	n/a	n/a	n/a	n/a	n/a	n/a	n/a
1016.424	1	80	n/a	n/a	1	n/a	n/a	n/a	n/a	n/a	n/a	n/a	n/a
1016.524	1	80	n/a	n/a	1	n/a	n/a	n/a	n/a	n/a	n/a	n/a	n/a
1016.7364	1	30	n/a	n/a	1	n/a	n/a	n/a	n/a	n/a	n/a	n/a	n/a
1018.7528	1	10	1024.4	1024.4	1	1	0	0	0	0	0.6	0.6	24
1019.7862	1	20	n/a	n/a	1	n/a	n/a	n/a	n/a	n/a	n/a	n/a	n/a
1020.8822	1	80	n/a	n/a	1	n/a	n/a	n/a	n/a	n/a	n/a	n/a	n/a
1020.9822	1	80	n/a	n/a	1	n/a	n/a	n/a	n/a	n/a	n/a	n/a	n/a
1021.186	1	30	n/a	n/a	1	n/a	n/a	n/a	n/a	n/a	n/a	n/a	n/a
1023.2026	1	10	574.5	574.5	1	1	0	0	0	0	0.1	0.1	25
1023.7858	1	20	n/a	n/a	1	n/a	n/a	n/a	n/a	n/a	n/a	n/a	n/a
1025.249	1	80	n/a	n/a	1	n/a	n/a	n/a	n/a	n/a	n/a	n/a	n/a
1025.349	1	80	n/a	n/a	1	n/a	n/a	n/a	n/a	n/a	n/a	n/a	n/a
1025.5524	1	31	n/a	n/a	1	n/a	n/a	n/a	n/a	n/a	n/a	n/a	n/a
1027.569	1	10	800	800	1	1	0	0	0	0	0.6	0.6	26
1028.3856	1	20	n/a	n/a	1	n/a	n/a	n/a	n/a	n/a	n/a	n/a	n/a
1030.1786	1	80	n/a	n/a	1	n/a	n/a	n/a	n/a	n/a	n/a	n/a	n/a
1030.2786	1	80	n/a	n/a	1	n/a	n/a	n/a	n/a	n/a	n/a	n/a	n/a
1030.4854	1	30	n/a	n/a	1	n/a	n/a	n/a	n/a	n/a	n/a	n/a	n/a
1032.502	1	10	1642.9	1642.9	1	1	0	0	0	0	0.7	0.7	27
1034.152	1	20	n/a	n/a	1	n/a	n/a	n/a	n/a	n/a	n/a	n/a	n/a
1035.223	1	80	n/a	n/a	1	n/a	n/a	n/a	n/a	n/a	n/a	n/a	n/a
1035.323	1	80	n/a	n/a	1	n/a	n/a	n/a	n/a	n/a	n/a	n/a	n/a
1035.5352	1	31	n/a	n/a	1	n/a	n/a	n/a	n/a	n/a	n/a	n/a	n/a
1037.5518	1	10	753	753	1	1	0	0	0	0	0.7	0.7	28
1038.3184	1	20	n/a	n/a	1	n/a	n/a	n/a	n/a	n/a	n/a	n/a	n/a
1039.8324	1	80	n/a	n/a	1	n/a	n/a	n/a	n/a	n/a	n/a	n/a	n/a
1039.9324	1	80	n/a	n/a	1	n/a	n/a	n/a	n/a	n/a	n/a	n/a	n/a
1040.135	1	31	n/a	n/a	1	n/a	n/a	n/a	n/a	n/a	n/a	n/a	n/a
1042.1514	1	10	1097.2	1097.2	1	1	0	0	0	0	0.9	0.9	29
1043.2514	1	20	n/a	n/a	1	n/a	n/a	n/a	n/a	n/a	n/a	n/a	n/a
1044.9284	1	80	n/a	n/a	1	n/a	n/a	n/a	n/a	n/a	n/a	n/a	n/a
1045.0284	1	80	n/a	n/a	1	n/a	n/a	n/a	n/a	n/a	n/a	n/a	n/a
1045.2346	1	31	n/a	n/a	1	n/a	n/a	n/a	n/a	n/a	n/a	n/a	n/a
1047.2512	1	10	669.4	669.4	1	1	0	0	0	0	0.4	0.4	30
1047.9344	1	20	n/a	n/a	1	n/a	n/a	n/a	n/a	n/a	n/a	n/a	n/a
1049.8724	1	80	n/a	n/a	1	n/a	n/a	n/a	n/a	n/a	n/a	n/a	n/a
1049.9724	1	80	n/a	n/a	1	n/a	n/a	n/a	n/a	n/a	n/a	n/a	n/a
1050.1844	1	31	n/a	n/a	1	n/a	n/a	n/a	n/a	n/a	n/a	n/a	n/a
1060.217	1	10	695.2	695.2	1	1	0	0	0.6	0.81204	0.4	0.71805	31
1060.917	1	20	n/a	n/a	1	n/a	n/a	n/a	n/a	n/a	n/a	n/a	n/a
1062.018	1	80	n/a	n/a	1	n/a	n/a	n/a	n/a	n/a	n/a	n/a	n/a
1062.118	1	80	n/a	n/a	1	n/a	n/a	n/a	n/a	n/a	n/a	n/a	n/a
1062.3336	1	30	n/a	n/a	1	n/a	n/a	n/a	n/a	n/a	n/a	n/a	n/a
1064.3502	1	40	n/a	n/a	1	n/a	n/a	n/a	n/a	n/a	n/a	n/a	n/a
1066.3666	1	10	1057.4	1057.4	1	1	0	0	0.5	0.24783	0.5	0.24783	32
1067.4334	1	20	n/a	n/a	1	n/a	n/a	n/a	n/a	n/a	n/a	n/a	n/a
1069.1874	1	80	n/a	n/a	1	n/a	n/a	n/a	n/a	n/a	n/a	n/a	n/a
1069.2874	1	80	n/a	n/a	1	n/a	n/a	n/a	n/a	n/a	n/a	n/a	n/a
1069.4998	1	31	n/a	n/a	1	n/a	n/a	n/a	n/a	n/a	n/a	n/a	n/a
1071.5164	1	40	n/a	n/a	1	n/a	n/a	n/a	n/a	n/a	n/a	n/a	n/a
1073.533	1	10	659.1	659.1	1	1	0	0	0.4	0.70993	0.5	0.63995	33
1074.1996	1	20	n/a	n/a	1	n/a	n/a	n/a	n/a	n/a	n/a	n/a	n/a
1075.5756	1	80	n/a	n/a	1	n/a	n/a	n/a	n/a	n/a	n/a	n/a	n/a
1075.6756	1	80	n/a	n/a	1	n/a	n/a	n/a	n/a	n/a	n/a	n/a	n/a
1075.8828	1	30	n/a	n/a	1	n/a	n/a	n/a	n/a	n/a	n/a	n/a	n/a
1077.8994	1	40	n/a	n/a	1	n/a	n/a	n/a	n/a	n/a	n/a	n/a	n/a
1079.9158	1	10	755.9	755.9	1	1	0	0	0.6	0.64296	0.9	0.96875	34
1080.6826	1	20	n/a	n/a	1	n/a	n/a	n/a	n/a	n/a	n/a	n/a	n/a
1082.5656	1	80	n/a	n/a	1	n/a	n/a	n/a	n/a	n/a	n/a	n/a	n/a
1082.6656	1	80	n/a	n/a	1	n/a	n/a	n/a	n/a	n/a	n/a	n/a	n/a
1082.8824	1	30	n/a	n/a	1	n/a	n/a	n/a	n/a	n/a	n/a	n/a	n/a
1084.899	1	40	n/a	n/a	1	n/a	n/a	n/a	n/a	n/a	n/a	n/a	n/a
1086.9154	1	10	604.2	604.2	1	1	0	0	0.7	0.024245	0.7	0.056572	35
1087.5322	1	20	n/a	n/a	1	n/a	n/a	n/a	n/a	n/a	n/a	n/a	n/a
1089.4102	1	80	n/a	n/a	1	n/a	n/a	n/a	n/a	n/a	n/a	n/a	n/a
1089.5102	1	80	n/a	n/a	1	n/a	n/a	n/a	n/a	n/a	n/a	n/a	n/a
1089.7154	1	30	n/a	n/a	1	n/a	n/a	n/a	n/a	n/a	n/a	n/a	n/a
1091.7318	1	40	n/a	n/a	1	n/a	n/a	n/a	n/a	n/a	n/a	n/a	n/a
1093.7484	1	10	619.1	619.1	1	1	0	0	0.6	0.49454	0.5	0.49181	36
1094.3816	1	20	n/a	n/a	1	n/a	n/a	n/a	n/a	n/a	n/a	n/a	n/a
1096.1058	1	80	n/a	n/a	1	n/a	n/a	n/a	n/a	n/a	n/a	n/a	n/a
1096.2058	1	80	n/a	n/a	1	n/a	n/a	n/a	n/a	n/a	n/a	n/a	n/a
1096.415	1	31	n/a	n/a	1	n/a	n/a	n/a	n/a	n/a	n/a	n/a	n/a
1098.4314	1	40	n/a	n/a	1	n/a	n/a	n/a	n/a	n/a	n/a	n/a	n/a
1100.448	1	10	959.4	959.4	1	1	0	0	0.6	0.66885	0.4	0.50328	37
1101.4146	1	20	n/a	n/a	1	n/a	n/a	n/a	n/a	n/a	n/a	n/a	n/a
1103.1226	1	80	n/a	n/a	1	n/a	n/a	n/a	n/a	n/a	n/a	n/a	n/a
1103.2226	1	80	n/a	n/a	1	n/a	n/a	n/a	n/a	n/a	n/a	n/a	n/a
1103.4312	1	30	n/a	n/a	1	n/a	n/a	n/a	n/a	n/a	n/a	n/a	n/a
1105.4478	1	40	n/a	n/a	1	n/a	n/a	n/a	n/a	n/a	n/a	n/a	n/a
1107.4642	1	10	726.9	726.9	1	1	0	0	0.8	0.83096	0.5	0.9375	38
1108.1976	1	20	n/a	n/a	1	n/a	n/a	n/a	n/a	n/a	n/a	n/a	n/a
1109.3116	1	80	n/a	n/a	1	n/a	n/a	n/a	n/a	n/a	n/a	n/a	n/a
1109.4116	1	80	n/a	n/a	1	n/a	n/a	n/a	n/a	n/a	n/a	n/a	n/a
1109.6142	1	31	n/a	n/a	1	n/a	n/a	n/a	n/a	n/a	n/a	n/a	n/a
1111.6306	1	40	n/a	n/a	1	n/a	n/a	n/a	n/a	n/a	n/a	n/a	n/a
1113.6472	1	10	735.8	735.8	1	1	0	0	0.4	0.0015276	0.1	0.020833	39
1114.3972	1	20	n/a	n/a	1	n/a	n/a	n/a	n/a	n/a	n/a	n/a	n/a
1116.2442	1	80	n/a	n/a	1	n/a	n/a	n/a	n/a	n/a	n/a	n/a	n/a
1116.3442	1	80	n/a	n/a	1	n/a	n/a	n/a	n/a	n/a	n/a	n/a	n/a
1116.547	1	31	n/a	n/a	1	n/a	n/a	n/a	n/a	n/a	n/a	n/a	n/a
1118.5636	1	40	n/a	n/a	1	n/a	n/a	n/a	n/a	n/a	n/a	n/a	n/a
1120.5802	1	10	922.8	922.8	1	1	0	0	0.8	0.43124	0.4	0.0625	40
1121.5134	1	20	n/a	n/a	1	n/a	n/a	n/a	n/a	n/a	n/a	n/a	n/a
1122.7974	1	80	n/a	n/a	1	n/a	n/a	n/a	n/a	n/a	n/a	n/a	n/a
1122.8974	1	80	n/a	n/a	1	n/a	n/a	n/a	n/a	n/a	n/a	n/a	n/a
1123.1134	1	30	n/a	n/a	1	n/a	n/a	n/a	n/a	n/a	n/a	n/a	n/a
1125.1298	1	40	n/a	n/a	1	n/a	n/a	n/a	n/a	n/a	n/a	n/a	n/a
1146.312	1	10	742.4	742.4	1	0	0	1	0	0	0.6	0.6	1
1147.062	1	20	n/a	n/a	1	n/a	n/a	n/a	n/a	n/a	n/a	n/a	n/a
1148.741	1	80	n/a	n/a	1	n/a	n/a	n/a	n/a	n/a	n/a	n/a	n/a
1148.841	1	80	n/a	n/a	1	n/a	n/a	n/a	n/a	n/a	n/a	n/a	n/a
1149.0452	1	30	n/a	n/a	1	n/a	n/a	n/a	n/a	n/a	n/a	n/a	n/a
1151.0616	1	10	1400.5	1400.5	1	0	0	1	0	0	0.9	0.9	2
1152.4782	1	20	n/a	n/a	1	n/a	n/a	n/a	n/a	n/a	n/a	n/a	n/a
1153.6322	1	80	n/a	n/a	1	n/a	n/a	n/a	n/a	n/a	n/a	n/a	n/a
1153.7322	1	80	n/a	n/a	1	n/a	n/a	n/a	n/a	n/a	n/a	n/a	n/a
1153.9448	1	30	n/a	n/a	1	n/a	n/a	n/a	n/a	n/a	n/a	n/a	n/a
1155.9614	1	10	612.7	612.7	1	0	0	1	0	0	0.5	0.5	3
1156.578	1	20	n/a	n/a	1	n/a	n/a	n/a	n/a	n/a	n/a	n/a	n/a
1157.615	1	80	n/a	n/a	1	n/a	n/a	n/a	n/a	n/a	n/a	n/a	n/a
1157.715	1	80	n/a	n/a	1	n/a	n/a	n/a	n/a	n/a	n/a	n/a	n/a
1157.928	1	30	n/a	n/a	1	n/a	n/a	n/a	n/a	n/a	n/a	n/a	n/a
1159.9444	1	10	693.5	693.5	1	0	0	1	0	0	0.8	0.8	4
1160.6444	1	20	n/a	n/a	1	n/a	n/a	n/a	n/a	n/a	n/a	n/a	n/a
1161.9634	1	80	n/a	n/a	1	n/a	n/a	n/a	n/a	n/a	n/a	n/a	n/a
1162.0634	1	80	n/a	n/a	1	n/a	n/a	n/a	n/a	n/a	n/a	n/a	n/a
1162.2776	1	30	n/a	n/a	1	n/a	n/a	n/a	n/a	n/a	n/a	n/a	n/a
1164.2942	1	10	1239.7	1239.7	1	0	0	1	0	0	0.4	0.4	5
1165.5442	1	20	n/a	n/a	1	n/a	n/a	n/a	n/a	n/a	n/a	n/a	n/a
1167.2032	1	80	n/a	n/a	1	n/a	n/a	n/a	n/a	n/a	n/a	n/a	n/a
1167.3032	1	80	n/a	n/a	1	n/a	n/a	n/a	n/a	n/a	n/a	n/a	n/a
1167.5106	1	31	n/a	n/a	1	n/a	n/a	n/a	n/a	n/a	n/a	n/a	n/a
1169.5272	1	10	1446.5	1446.5	1	0	0	1	0	0	0.1	0.1	6
1170.9772	1	20	n/a	n/a	1	n/a	n/a	n/a	n/a	n/a	n/a	n/a	n/a
1172.3122	1	80	n/a	n/a	1	n/a	n/a	n/a	n/a	n/a	n/a	n/a	n/a
1172.4122	1	80	n/a	n/a	1	n/a	n/a	n/a	n/a	n/a	n/a	n/a	n/a
1172.627	1	30	n/a	n/a	1	n/a	n/a	n/a	n/a	n/a	n/a	n/a	n/a
1174.6436	1	10	1050.1	1050.1	1	0	0	1	0	0	0.8	0.8	7
1175.7102	1	20	n/a	n/a	1	n/a	n/a	n/a	n/a	n/a	n/a	n/a	n/a
1176.8922	1	80	n/a	n/a	1	n/a	n/a	n/a	n/a	n/a	n/a	n/a	n/a
1176.9922	1	80	n/a	n/a	1	n/a	n/a	n/a	n/a	n/a	n/a	n/a	n/a
1177.2102	1	31	n/a	n/a	1	n/a	n/a	n/a	n/a	n/a	n/a	n/a	n/a
1179.2266	1	10	818.9	818.9	1	0	0	1	0	0	0.1	0.1	8
1180.06	1	20	n/a	n/a	1	n/a	n/a	n/a	n/a	n/a	n/a	n/a	n/a
1181.933	1	80	n/a	n/a	1	n/a	n/a	n/a	n/a	n/a	n/a	n/a	n/a
1182.033	1	80	n/a	n/a	1	n/a	n/a	n/a	n/a	n/a	n/a	n/a	n/a
1182.2432	1	31	n/a	n/a	1	n/a	n/a	n/a	n/a	n/a	n/a	n/a	n/a
1184.2596	1	10	1625.8	1625.8	1	0	0	1	0	0	0.4	0.4	9
1185.893	1	20	n/a	n/a	1	n/a	n/a	n/a	n/a	n/a	n/a	n/a	n/a
1187.347	1	80	n/a	n/a	1	n/a	n/a	n/a	n/a	n/a	n/a	n/a	n/a
1187.447	1	80	n/a	n/a	1	n/a	n/a	n/a	n/a	n/a	n/a	n/a	n/a
1187.6594	1	31	n/a	n/a	1	n/a	n/a	n/a	n/a	n/a	n/a	n/a	n/a
1189.676	1	10	945.3	945.3	1	0	0	1	0	0	0.8	0.8	10
1190.626	1	20	n/a	n/a	1	n/a	n/a	n/a	n/a	n/a	n/a	n/a	n/a
1192.428	1	80	n/a	n/a	1	n/a	n/a	n/a	n/a	n/a	n/a	n/a	n/a
1192.528	1	80	n/a	n/a	1	n/a	n/a	n/a	n/a	n/a	n/a	n/a	n/a
1192.7426	1	30	n/a	n/a	1	n/a	n/a	n/a	n/a	n/a	n/a	n/a	n/a
1202.7752	1	10	1237.8	1237.8	1	0	0	1	0.7	0.85752	0.2	0.33421	11
1204.0252	1	20	n/a	n/a	1	n/a	n/a	n/a	n/a	n/a	n/a	n/a	n/a
1205.4432	1	80	n/a	n/a	1	n/a	n/a	n/a	n/a	n/a	n/a	n/a	n/a
1205.5432	1	80	n/a	n/a	1	n/a	n/a	n/a	n/a	n/a	n/a	n/a	n/a
1205.7584	1	31	n/a	n/a	1	n/a	n/a	n/a	n/a	n/a	n/a	n/a	n/a
1207.775	1	40	n/a	n/a	1	n/a	n/a	n/a	n/a	n/a	n/a	n/a	n/a
1209.7916	1	10	717.4	717.4	1	0	0	1	0.8	0.96611	0.1	0.36445	12
1210.5248	1	20	n/a	n/a	1	n/a	n/a	n/a	n/a	n/a	n/a	n/a	n/a
1212.3598	1	80	n/a	n/a	1	n/a	n/a	n/a	n/a	n/a	n/a	n/a	n/a
1212.4598	1	80	n/a	n/a	1	n/a	n/a	n/a	n/a	n/a	n/a	n/a	n/a
1212.6746	1	31	n/a	n/a	1	n/a	n/a	n/a	n/a	n/a	n/a	n/a	n/a
1214.6912	1	40	n/a	n/a	1	n/a	n/a	n/a	n/a	n/a	n/a	n/a	n/a
1216.7078	1	10	888.9	888.9	1	0	0	1	0.8	0.079545	0.9	0.81818	13
1217.6078	1	20	n/a	n/a	1	n/a	n/a	n/a	n/a	n/a	n/a	n/a	n/a
1219.1368	1	80	n/a	n/a	1	n/a	n/a	n/a	n/a	n/a	n/a	n/a	n/a
1219.2368	1	80	n/a	n/a	1	n/a	n/a	n/a	n/a	n/a	n/a	n/a	n/a
1219.441	1	31	n/a	n/a	1	n/a	n/a	n/a	n/a	n/a	n/a	n/a	n/a
1221.4574	1	40	n/a	n/a	1	n/a	n/a	n/a	n/a	n/a	n/a	n/a	n/a
1223.474	1	10	1194.5	1194.5	1	0	0	1	0.8	0.83067	0.2	0.3227	14
1224.674	1	20	n/a	n/a	1	n/a	n/a	n/a	n/a	n/a	n/a	n/a	n/a
1226.028	1	80	n/a	n/a	1	n/a	n/a	n/a	n/a	n/a	n/a	n/a	n/a
1226.128	1	80	n/a	n/a	1	n/a	n/a	n/a	n/a	n/a	n/a	n/a	n/a
1226.3406	1	30	n/a	n/a	1	n/a	n/a	n/a	n/a	n/a	n/a	n/a	n/a
1228.357	1	40	n/a	n/a	1	n/a	n/a	n/a	n/a	n/a	n/a	n/a	n/a
1230.3736	1	10	1238.8	1238.8	1	0	0	1	0.8	0.90416	0.1	0.11664	15
1231.6236	1	20	n/a	n/a	1	n/a	n/a	n/a	n/a	n/a	n/a	n/a	n/a
1233.1806	1	80	n/a	n/a	1	n/a	n/a	n/a	n/a	n/a	n/a	n/a	n/a
1233.2806	1	80	n/a	n/a	1	n/a	n/a	n/a	n/a	n/a	n/a	n/a	n/a
1233.4902	1	31	n/a	n/a	1	n/a	n/a	n/a	n/a	n/a	n/a	n/a	n/a
1235.5066	1	40	n/a	n/a	1	n/a	n/a	n/a	n/a	n/a	n/a	n/a	n/a
1237.5232	1	10	1033	1033	1	0	0	1	0.6	0.0039457	0.9	0.75592	16
1238.5732	1	20	n/a	n/a	1	n/a	n/a	n/a	n/a	n/a	n/a	n/a	n/a
1239.6972	1	80	n/a	n/a	1	n/a	n/a	n/a	n/a	n/a	n/a	n/a	n/a
1239.7972	1	80	n/a	n/a	1	n/a	n/a	n/a	n/a	n/a	n/a	n/a	n/a
1240.0064	1	31	n/a	n/a	1	n/a	n/a	n/a	n/a	n/a	n/a	n/a	n/a
1242.023	1	40	n/a	n/a	1	n/a	n/a	n/a	n/a	n/a	n/a	n/a	n/a
1244.0394	1	10	1028.6	1028.6	1	0	0	1	0.7	0.72743	0.9	0.95833	17
1245.0728	1	20	n/a	n/a	1	n/a	n/a	n/a	n/a	n/a	n/a	n/a	n/a
1246.1438	1	80	n/a	n/a	1	n/a	n/a	n/a	n/a	n/a	n/a	n/a	n/a
1246.2438	1	80	n/a	n/a	1	n/a	n/a	n/a	n/a	n/a	n/a	n/a	n/a
1246.456	1	30	n/a	n/a	1	n/a	n/a	n/a	n/a	n/a	n/a	n/a	n/a
1248.4726	1	40	n/a	n/a	1	n/a	n/a	n/a	n/a	n/a	n/a	n/a	n/a
1250.489	1	10	626.9	626.9	1	0	0	1	0.4	0.18588	0.7	0.62392	18
1251.1224	1	20	n/a	n/a	1	n/a	n/a	n/a	n/a	n/a	n/a	n/a	n/a
1252.7044	1	80	n/a	n/a	1	n/a	n/a	n/a	n/a	n/a	n/a	n/a	n/a
1252.8044	1	80	n/a	n/a	1	n/a	n/a	n/a	n/a	n/a	n/a	n/a	n/a
1253.0222	1	30	n/a	n/a	1	n/a	n/a	n/a	n/a	n/a	n/a	n/a	n/a
1255.0388	1	40	n/a	n/a	1	n/a	n/a	n/a	n/a	n/a	n/a	n/a	n/a
1257.0554	1	10	1452.4	1452.4	1	0	0	1	0.6	0.54647	0.5	0.56971	19
1258.522	1	20	n/a	n/a	1	n/a	n/a	n/a	n/a	n/a	n/a	n/a	n/a
1259.81	1	80	n/a	n/a	1	n/a	n/a	n/a	n/a	n/a	n/a	n/a	n/a
1259.91	1	80	n/a	n/a	1	n/a	n/a	n/a	n/a	n/a	n/a	n/a	n/a
1260.1218	1	31	n/a	n/a	1	n/a	n/a	n/a	n/a	n/a	n/a	n/a	n/a
1262.1384	1	40	n/a	n/a	1	n/a	n/a	n/a	n/a	n/a	n/a	n/a	n/a
1264.155	1	10	848.7	848.7	1	0	0	1	0.5	0.78588	0.5	0.78588	20
1265.0216	1	20	n/a	n/a	1	n/a	n/a	n/a	n/a	n/a	n/a	n/a	n/a
1266.0656	1	80	n/a	n/a	1	n/a	n/a	n/a	n/a	n/a	n/a	n/a	n/a
1266.1656	1	80	n/a	n/a	1	n/a	n/a	n/a	n/a	n/a	n/a	n/a	n/a
1266.3714	1	31	n/a	n/a	1	n/a	n/a	n/a	n/a	n/a	n/a	n/a	n/a
1268.388	1	40	n/a	n/a	1	n/a	n/a	n/a	n/a	n/a	n/a	n/a	n/a
1278.4208	1	10	1078.5	1078.5	1	0	0	1	0	0	0.1	0.1	21
1279.504	1	20	n/a	n/a	1	n/a	n/a	n/a	n/a	n/a	n/a	n/a	n/a
1281.4	1	80	n/a	n/a	1	n/a	n/a	n/a	n/a	n/a	n/a	n/a	n/a
1281.5	1	80	n/a	n/a	1	n/a	n/a	n/a	n/a	n/a	n/a	n/a	n/a
1281.704	1	31	n/a	n/a	1	n/a	n/a	n/a	n/a	n/a	n/a	n/a	n/a
1283.7204	1	10	2658.6	2658.6	1	0	0	1	0	0	0.8	0.8	22
1286.387	1	20	n/a	n/a	1	n/a	n/a	n/a	n/a	n/a	n/a	n/a	n/a
1287.689	1	80	n/a	n/a	1	n/a	n/a	n/a	n/a	n/a	n/a	n/a	n/a
1287.789	1	80	n/a	n/a	1	n/a	n/a	n/a	n/a	n/a	n/a	n/a	n/a
1288.0036	1	31	n/a	n/a	1	n/a	n/a	n/a	n/a	n/a	n/a	n/a	n/a
1290.02	1	10	2342.9	2342.9	1	0	0	1	0	0	0.2	0.2	23
1292.37	1	20	n/a	n/a	1	n/a	n/a	n/a	n/a	n/a	n/a	n/a	n/a
1293.814	1	80	n/a	n/a	1	n/a	n/a	n/a	n/a	n/a	n/a	n/a	n/a
1293.914	1	80	n/a	n/a	1	n/a	n/a	n/a	n/a	n/a	n/a	n/a	n/a
1294.1198	1	31	n/a	n/a	1	n/a	n/a	n/a	n/a	n/a	n/a	n/a	n/a
1296.1364	1	10	1650.5	1650.5	1	0	0	1	0	0	0.3	0.3	24
1297.803	1	20	n/a	n/a	1	n/a	n/a	n/a	n/a	n/a	n/a	n/a	n/a
1299.518	1	80	n/a	n/a	1	n/a	n/a	n/a	n/a	n/a	n/a	n/a	n/a
1299.618	1	80	n/a	n/a	1	n/a	n/a	n/a	n/a	n/a	n/a	n/a	n/a
1299.8194	1	30	n/a	n/a	1	n/a	n/a	n/a	n/a	n/a	n/a	n/a	n/a
1301.836	1	10	1086.7	1086.7	1	0	0	1	0	0	0.8	0.8	25
1302.936	1	20	n/a	n/a	1	n/a	n/a	n/a	n/a	n/a	n/a	n/a	n/a
1304.476	1	80	n/a	n/a	1	n/a	n/a	n/a	n/a	n/a	n/a	n/a	n/a
1304.576	1	80	n/a	n/a	1	n/a	n/a	n/a	n/a	n/a	n/a	n/a	n/a
1304.7858	1	31	n/a	n/a	1	n/a	n/a	n/a	n/a	n/a	n/a	n/a	n/a
1306.8024	1	10	1160.2	1160.2	1	0	0	1	0	0	0.2	0.2	26
1307.969	1	20	n/a	n/a	1	n/a	n/a	n/a	n/a	n/a	n/a	n/a	n/a
1309.788	1	80	n/a	n/a	1	n/a	n/a	n/a	n/a	n/a	n/a	n/a	n/a
1309.888	1	80	n/a	n/a	1	n/a	n/a	n/a	n/a	n/a	n/a	n/a	n/a
1310.1022	1	30	n/a	n/a	1	n/a	n/a	n/a	n/a	n/a	n/a	n/a	n/a
1312.1188	1	10	1939.7	1939.7	1	0	0	1	0	0	0.3	0.3	27
1314.0686	1	20	n/a	n/a	1	n/a	n/a	n/a	n/a	n/a	n/a	n/a	n/a
1315.5716	1	80	n/a	n/a	1	n/a	n/a	n/a	n/a	n/a	n/a	n/a	n/a
1315.6716	1	80	n/a	n/a	1	n/a	n/a	n/a	n/a	n/a	n/a	n/a	n/a
1315.8852	1	31	n/a	n/a	1	n/a	n/a	n/a	n/a	n/a	n/a	n/a	n/a
1317.9018	1	10	1660.6	1660.6	1	0	0	1	0	0	0.7	0.7	28
1319.5684	1	20	n/a	n/a	1	n/a	n/a	n/a	n/a	n/a	n/a	n/a	n/a
1321.3344	1	80	n/a	n/a	1	n/a	n/a	n/a	n/a	n/a	n/a	n/a	n/a
1321.4344	1	80	n/a	n/a	1	n/a	n/a	n/a	n/a	n/a	n/a	n/a	n/a
1321.6516	1	30	n/a	n/a	1	n/a	n/a	n/a	n/a	n/a	n/a	n/a	n/a
1323.668	1	10	1622.2	1622.2	1	0	0	1	0	0	0.1	0.1	29
1325.3014	1	20	n/a	n/a	1	n/a	n/a	n/a	n/a	n/a	n/a	n/a	n/a
1327.2314	1	80	n/a	n/a	1	n/a	n/a	n/a	n/a	n/a	n/a	n/a	n/a
1327.3314	1	80	n/a	n/a	1	n/a	n/a	n/a	n/a	n/a	n/a	n/a	n/a
1327.5346	1	30	n/a	n/a	1	n/a	n/a	n/a	n/a	n/a	n/a	n/a	n/a
1329.551	1	10	1531.1	1531.1	1	0	0	1	0	0	0.3	0.3	30
1331.0844	1	20	n/a	n/a	1	n/a	n/a	n/a	n/a	n/a	n/a	n/a	n/a
1332.3914	1	80	n/a	n/a	1	n/a	n/a	n/a	n/a	n/a	n/a	n/a	n/a
1332.4914	1	80	n/a	n/a	1	n/a	n/a	n/a	n/a	n/a	n/a	n/a	n/a
1332.7008	1	30	n/a	n/a	1	n/a	n/a	n/a	n/a	n/a	n/a	n/a	n/a
1384.5686	1	10	706	706	1	0	0	1	0.6	0.94832	0.2	0.42248	31
1385.2852	1	20	n/a	n/a	1	n/a	n/a	n/a	n/a	n/a	n/a	n/a	n/a
1387.0552	1	80	n/a	n/a	1	n/a	n/a	n/a	n/a	n/a	n/a	n/a	n/a
1387.1552	1	80	n/a	n/a	1	n/a	n/a	n/a	n/a	n/a	n/a	n/a	n/a
1387.3684	1	30	n/a	n/a	1	n/a	n/a	n/a	n/a	n/a	n/a	n/a	n/a
1389.385	1	40	n/a	n/a	1	n/a	n/a	n/a	n/a	n/a	n/a	n/a	n/a
1391.4016	1	10	912.9	912.9	1	0	0	1	0.6	0.96332	0.1	0.19498	32
1392.3182	1	20	n/a	n/a	1	n/a	n/a	n/a	n/a	n/a	n/a	n/a	n/a
1393.8292	1	80	n/a	n/a	1	n/a	n/a	n/a	n/a	n/a	n/a	n/a	n/a
1393.9292	1	80	n/a	n/a	1	n/a	n/a	n/a	n/a	n/a	n/a	n/a	n/a
1394.1346	1	30	n/a	n/a	1	n/a	n/a	n/a	n/a	n/a	n/a	n/a	n/a
1396.1512	1	40	n/a	n/a	1	n/a	n/a	n/a	n/a	n/a	n/a	n/a	n/a
1398.1678	1	10	706.5	706.5	1	0	0	1	0.4	0.32001	0.3	0.04667	33
1398.8844	1	20	n/a	n/a	1	n/a	n/a	n/a	n/a	n/a	n/a	n/a	n/a
1400.5774	1	80	n/a	n/a	1	n/a	n/a	n/a	n/a	n/a	n/a	n/a	n/a
1400.6774	1	80	n/a	n/a	1	n/a	n/a	n/a	n/a	n/a	n/a	n/a	n/a
1400.8844	1	31	n/a	n/a	1	n/a	n/a	n/a	n/a	n/a	n/a	n/a	n/a
1402.9008	1	40	n/a	n/a	1	n/a	n/a	n/a	n/a	n/a	n/a	n/a	n/a
1404.9174	1	10	756.8	756.8	1	0	0	1	0.8	0.95876	0.1	0.33505	34
1405.684	1	20	n/a	n/a	1	n/a	n/a	n/a	n/a	n/a	n/a	n/a	n/a
1407.051	1	80	n/a	n/a	1	n/a	n/a	n/a	n/a	n/a	n/a	n/a	n/a
1407.151	1	80	n/a	n/a	1	n/a	n/a	n/a	n/a	n/a	n/a	n/a	n/a
1407.3672	1	30	n/a	n/a	1	n/a	n/a	n/a	n/a	n/a	n/a	n/a	n/a
1409.3838	1	40	n/a	n/a	1	n/a	n/a	n/a	n/a	n/a	n/a	n/a	n/a
1411.4004	1	10	993.6	993.6	1	0	0	1	0.6	0.72643	0.5	0.83965	35
1412.4002	1	20	n/a	n/a	1	n/a	n/a	n/a	n/a	n/a	n/a	n/a	n/a
1413.8022	1	80	n/a	n/a	1	n/a	n/a	n/a	n/a	n/a	n/a	n/a	n/a
1413.9022	1	80	n/a	n/a	1	n/a	n/a	n/a	n/a	n/a	n/a	n/a	n/a
1414.1168	1	30	n/a	n/a	1	n/a	n/a	n/a	n/a	n/a	n/a	n/a	n/a
1416.1334	1	40	n/a	n/a	1	n/a	n/a	n/a	n/a	n/a	n/a	n/a	n/a
1418.15	1	10	803.9	803.9	1	0	0	1	0.7	0.64801	0.1	0.041667	36
1418.9666	1	20	n/a	n/a	1	n/a	n/a	n/a	n/a	n/a	n/a	n/a	n/a
1420.1196	1	80	n/a	n/a	1	n/a	n/a	n/a	n/a	n/a	n/a	n/a	n/a
1420.2196	1	80	n/a	n/a	1	n/a	n/a	n/a	n/a	n/a	n/a	n/a	n/a
1420.4332	1	30	n/a	n/a	1	n/a	n/a	n/a	n/a	n/a	n/a	n/a	n/a
1422.4496	1	40	n/a	n/a	1	n/a	n/a	n/a	n/a	n/a	n/a	n/a	n/a
1424.4662	1	10	679.4	679.4	1	0	0	1	0.4	0.84293	0.1	0.061953	37
1425.1496	1	20	n/a	n/a	1	n/a	n/a	n/a	n/a	n/a	n/a	n/a	n/a
1427.0386	1	80	n/a	n/a	1	n/a	n/a	n/a	n/a	n/a	n/a	n/a	n/a
1427.1386	1	80	n/a	n/a	1	n/a	n/a	n/a	n/a	n/a	n/a	n/a	n/a
1427.3494	1	31	n/a	n/a	1	n/a	n/a	n/a	n/a	n/a	n/a	n/a	n/a
1429.366	1	40	n/a	n/a	1	n/a	n/a	n/a	n/a	n/a	n/a	n/a	n/a
1431.3824	1	10	851	851	1	0	0	1	0.5	0.18126	0.7	0.58126	38
1432.2492	1	20	n/a	n/a	1	n/a	n/a	n/a	n/a	n/a	n/a	n/a	n/a
1434.0952	1	80	n/a	n/a	1	n/a	n/a	n/a	n/a	n/a	n/a	n/a	n/a
1434.1952	1	80	n/a	n/a	1	n/a	n/a	n/a	n/a	n/a	n/a	n/a	n/a
1434.399	1	30	n/a	n/a	1	n/a	n/a	n/a	n/a	n/a	n/a	n/a	n/a
1436.4156	1	40	n/a	n/a	1	n/a	n/a	n/a	n/a	n/a	n/a	n/a	n/a
1438.432	1	10	553.2	553.2	1	0	0	1	0.8	0.73802	0.9	0.9375	39
1438.9986	1	20	n/a	n/a	1	n/a	n/a	n/a	n/a	n/a	n/a	n/a	n/a
1440.3988	1	80	n/a	n/a	1	n/a	n/a	n/a	n/a	n/a	n/a	n/a	n/a
1440.4988	1	80	n/a	n/a	1	n/a	n/a	n/a	n/a	n/a	n/a	n/a	n/a
1440.7152	1	31	n/a	n/a	1	n/a	n/a	n/a	n/a	n/a	n/a	n/a	n/a
1442.7318	1	40	n/a	n/a	1	n/a	n/a	n/a	n/a	n/a	n/a	n/a	n/a
1444.7484	1	10	956.8	956.8	1	0	0	1	0.6	0.18133	0.8	0.77199	40
1445.715	1	20	n/a	n/a	1	n/a	n/a	n/a	n/a	n/a	n/a	n/a	n/a
1447.56	1	80	n/a	n/a	1	n/a	n/a	n/a	n/a	n/a	n/a	n/a	n/a
1447.66	1	80	n/a	n/a	1	n/a	n/a	n/a	n/a	n/a	n/a	n/a	n/a
1447.8648	1	30	n/a	n/a	1	n/a	n/a	n/a	n/a	n/a	n/a	n/a	n/a
1449.8814	1	40	n/a	n/a	1	n/a	n/a	n/a	n/a	n/a	n/a	n/a	n/a
1554.4374	1	10	759.6	759.6	1	0	1	0	0	0	0.3	0.3	1
1555.204	1	20	n/a	n/a	1	n/a	n/a	n/a	n/a	n/a	n/a	n/a	n/a
1556.526	1	80	n/a	n/a	1	n/a	n/a	n/a	n/a	n/a	n/a	n/a	n/a
1556.626	1	80	n/a	n/a	1	n/a	n/a	n/a	n/a	n/a	n/a	n/a	n/a
1556.8372	1	30	n/a	n/a	1	n/a	n/a	n/a	n/a	n/a	n/a	n/a	n/a
1558.8538	1	10	679.1	679.1	1	0	1	0	0	0	0.7	0.7	2
1559.5372	1	20	n/a	n/a	1	n/a	n/a	n/a	n/a	n/a	n/a	n/a	n/a
1561.3032	1	80	n/a	n/a	1	n/a	n/a	n/a	n/a	n/a	n/a	n/a	n/a
1561.4032	1	80	n/a	n/a	1	n/a	n/a	n/a	n/a	n/a	n/a	n/a	n/a
1561.6204	1	31	n/a	n/a	1	n/a	n/a	n/a	n/a	n/a	n/a	n/a	n/a
1563.6368	1	10	1127.9	1127.9	1	0	1	0	0	0	0.1	0.1	3
1564.7702	1	20	n/a	n/a	1	n/a	n/a	n/a	n/a	n/a	n/a	n/a	n/a
1565.7732	1	80	n/a	n/a	1	n/a	n/a	n/a	n/a	n/a	n/a	n/a	n/a
1565.8732	1	80	n/a	n/a	1	n/a	n/a	n/a	n/a	n/a	n/a	n/a	n/a
1566.0868	1	30	n/a	n/a	1	n/a	n/a	n/a	n/a	n/a	n/a	n/a	n/a
1568.1032	1	10	1605.4	1605.4	1	0	1	0	0	0	0.6	0.6	4
1569.7198	1	20	n/a	n/a	1	n/a	n/a	n/a	n/a	n/a	n/a	n/a	n/a
1571.3728	1	80	n/a	n/a	1	n/a	n/a	n/a	n/a	n/a	n/a	n/a	n/a
1571.4728	1	80	n/a	n/a	1	n/a	n/a	n/a	n/a	n/a	n/a	n/a	n/a
1571.6864	1	30	n/a	n/a	1	n/a	n/a	n/a	n/a	n/a	n/a	n/a	n/a
1573.703	1	10	629.6	629.6	1	0	1	0	0	0	0.3	0.3	5
1574.3362	1	20	n/a	n/a	1	n/a	n/a	n/a	n/a	n/a	n/a	n/a	n/a
1575.6882	1	80	n/a	n/a	1	n/a	n/a	n/a	n/a	n/a	n/a	n/a	n/a
1575.7882	1	80	n/a	n/a	1	n/a	n/a	n/a	n/a	n/a	n/a	n/a	n/a
1576.0028	1	31	n/a	n/a	1	n/a	n/a	n/a	n/a	n/a	n/a	n/a	n/a
1578.0194	1	10	1609.1	1609.1	1	0	1	0	0	0	0.5	0.5	6
1579.636	1	20	n/a	n/a	1	n/a	n/a	n/a	n/a	n/a	n/a	n/a	n/a
1580.973	1	80	n/a	n/a	1	n/a	n/a	n/a	n/a	n/a	n/a	n/a	n/a
1581.073	1	80	n/a	n/a	1	n/a	n/a	n/a	n/a	n/a	n/a	n/a	n/a
1581.2858	1	30	n/a	n/a	1	n/a	n/a	n/a	n/a	n/a	n/a	n/a	n/a
1583.3024	1	10	1637.9	1637.9	1	0	1	0	0	0	0.1	0.1	7
1584.9522	1	20	n/a	n/a	1	n/a	n/a	n/a	n/a	n/a	n/a	n/a	n/a
1586.5004	1	80	n/a	n/a	1	n/a	n/a	n/a	n/a	n/a	n/a	n/a	n/a
1586.6004	1	80	n/a	n/a	1	n/a	n/a	n/a	n/a	n/a	n/a	n/a	n/a
1586.8022	1	31	n/a	n/a	1	n/a	n/a	n/a	n/a	n/a	n/a	n/a	n/a
1588.8188	1	10	1705.4	1705.4	1	0	1	0	0	0	0.6	0.6	8
1590.5352	1	20	n/a	n/a	1	n/a	n/a	n/a	n/a	n/a	n/a	n/a	n/a
1592.0902	1	80	n/a	n/a	1	n/a	n/a	n/a	n/a	n/a	n/a	n/a	n/a
1592.1902	1	80	n/a	n/a	1	n/a	n/a	n/a	n/a	n/a	n/a	n/a	n/a
1592.4018	1	30	n/a	n/a	1	n/a	n/a	n/a	n/a	n/a	n/a	n/a	n/a
1594.4184	1	10	841.7	841.7	1	0	1	0	0	0	0.9	0.9	9
1595.2684	1	20	n/a	n/a	1	n/a	n/a	n/a	n/a	n/a	n/a	n/a	n/a
1597.2144	1	80	n/a	n/a	1	n/a	n/a	n/a	n/a	n/a	n/a	n/a	n/a
1597.3144	1	80	n/a	n/a	1	n/a	n/a	n/a	n/a	n/a	n/a	n/a	n/a
1597.5182	1	31	n/a	n/a	1	n/a	n/a	n/a	n/a	n/a	n/a	n/a	n/a
1599.5348	1	10	1453.2	1453.2	1	0	1	0	0	0	0.9	0.9	10
1601.0014	1	20	n/a	n/a	1	n/a	n/a	n/a	n/a	n/a	n/a	n/a	n/a
1602.5374	1	80	n/a	n/a	1	n/a	n/a	n/a	n/a	n/a	n/a	n/a	n/a
1602.6374	1	80	n/a	n/a	1	n/a	n/a	n/a	n/a	n/a	n/a	n/a	n/a
1602.8512	1	31	n/a	n/a	1	n/a	n/a	n/a	n/a	n/a	n/a	n/a	n/a
1612.884	1	10	1223.7	1223.7	1	0	1	0	0.8	0.1352	0.6	0.0625	11
1614.1172	1	20	n/a	n/a	1	n/a	n/a	n/a	n/a	n/a	n/a	n/a	n/a
1615.2582	1	80	n/a	n/a	1	n/a	n/a	n/a	n/a	n/a	n/a	n/a	n/a
1615.3582	1	80	n/a	n/a	1	n/a	n/a	n/a	n/a	n/a	n/a	n/a	n/a
1615.5672	1	30	n/a	n/a	1	n/a	n/a	n/a	n/a	n/a	n/a	n/a	n/a
1617.5836	1	40	n/a	n/a	1	n/a	n/a	n/a	n/a	n/a	n/a	n/a	n/a
1619.6002	1	10	1899.3	1899.3	1	0	1	0	0.8	0.089713	0.8	0.35885	12
1621.5168	1	20	n/a	n/a	1	n/a	n/a	n/a	n/a	n/a	n/a	n/a	n/a
1622.8638	1	80	n/a	n/a	1	n/a	n/a	n/a	n/a	n/a	n/a	n/a	n/a
1622.9638	1	80	n/a	n/a	1	n/a	n/a	n/a	n/a	n/a	n/a	n/a	n/a
1623.1666	1	31	n/a	n/a	1	n/a	n/a	n/a	n/a	n/a	n/a	n/a	n/a
1625.1832	1	40	n/a	n/a	1	n/a	n/a	n/a	n/a	n/a	n/a	n/a	n/a
1627.1998	1	10	939.5	939.5	1	0	1	0	0.4	0.34727	0.8	0.89818	13
1628.1498	1	20	n/a	n/a	1	n/a	n/a	n/a	n/a	n/a	n/a	n/a	n/a
1629.1938	1	80	n/a	n/a	1	n/a	n/a	n/a	n/a	n/a	n/a	n/a	n/a
1629.2938	1	80	n/a	n/a	1	n/a	n/a	n/a	n/a	n/a	n/a	n/a	n/a
1629.4996	1	30	n/a	n/a	1	n/a	n/a	n/a	n/a	n/a	n/a	n/a	n/a
1631.5162	1	40	n/a	n/a	1	n/a	n/a	n/a	n/a	n/a	n/a	n/a	n/a
1633.5328	1	10	670.5	670.5	1	0	1	0	0.8	0.66448	0.4	0.65792	14
1634.216	1	20	n/a	n/a	1	n/a	n/a	n/a	n/a	n/a	n/a	n/a	n/a
1635.889	1	80	n/a	n/a	1	n/a	n/a	n/a	n/a	n/a	n/a	n/a	n/a
1635.989	1	80	n/a	n/a	1	n/a	n/a	n/a	n/a	n/a	n/a	n/a	n/a
1636.1992	1	30	n/a	n/a	1	n/a	n/a	n/a	n/a	n/a	n/a	n/a	n/a
1638.2158	1	40	n/a	n/a	1	n/a	n/a	n/a	n/a	n/a	n/a	n/a	n/a
1640.2324	1	10	802.6	802.6	1	0	1	0	0.7	0.2846	0.7	0.66407	15
1641.049	1	20	n/a	n/a	1	n/a	n/a	n/a	n/a	n/a	n/a	n/a	n/a
1642.565	1	80	n/a	n/a	1	n/a	n/a	n/a	n/a	n/a	n/a	n/a	n/a
1642.665	1	80	n/a	n/a	1	n/a	n/a	n/a	n/a	n/a	n/a	n/a	n/a
1642.8822	1	30	n/a	n/a	1	n/a	n/a	n/a	n/a	n/a	n/a	n/a	n/a
1644.8988	1	40	n/a	n/a	1	n/a	n/a	n/a	n/a	n/a	n/a	n/a	n/a
1646.9152	1	10	743.6	743.6	1	0	1	0	0.8	0.32368	0.6	0.29472	16
1647.6652	1	20	n/a	n/a	1	n/a	n/a	n/a	n/a	n/a	n/a	n/a	n/a
1648.7452	1	80	n/a	n/a	1	n/a	n/a	n/a	n/a	n/a	n/a	n/a	n/a
1648.8452	1	80	n/a	n/a	1	n/a	n/a	n/a	n/a	n/a	n/a	n/a	n/a
1649.0484	1	31	n/a	n/a	1	n/a	n/a	n/a	n/a	n/a	n/a	n/a	n/a
1651.065	1	40	n/a	n/a	1	n/a	n/a	n/a	n/a	n/a	n/a	n/a	n/a
1653.0816	1	10	1377.1	1377.1	1	0	1	0	0.7	0.19513	0.6	0.12197	17
1654.4648	1	20	n/a	n/a	1	n/a	n/a	n/a	n/a	n/a	n/a	n/a	n/a
1656.4108	1	80	n/a	n/a	1	n/a	n/a	n/a	n/a	n/a	n/a	n/a	n/a
1656.5108	1	80	n/a	n/a	1	n/a	n/a	n/a	n/a	n/a	n/a	n/a	n/a
1656.7146	1	31	n/a	n/a	1	n/a	n/a	n/a	n/a	n/a	n/a	n/a	n/a
1658.7312	1	40	n/a	n/a	1	n/a	n/a	n/a	n/a	n/a	n/a	n/a	n/a
1660.7478	1	10	2270.8	2270.8	1	0	1	0	0.8	0.2822	0.6	0.12882	18
1663.031	1	20	n/a	n/a	1	n/a	n/a	n/a	n/a	n/a	n/a	n/a	n/a
1664.209	1	80	n/a	n/a	1	n/a	n/a	n/a	n/a	n/a	n/a	n/a	n/a
1664.309	1	80	n/a	n/a	1	n/a	n/a	n/a	n/a	n/a	n/a	n/a	n/a
1664.5142	1	30	n/a	n/a	1	n/a	n/a	n/a	n/a	n/a	n/a	n/a	n/a
1666.5308	1	40	n/a	n/a	1	n/a	n/a	n/a	n/a	n/a	n/a	n/a	n/a
1668.5474	1	10	1015	1015	1	0	1	0	0.8	0.26942	0.1	0.0625	19
1669.5806	1	20	n/a	n/a	1	n/a	n/a	n/a	n/a	n/a	n/a	n/a	n/a
1670.6556	1	80	n/a	n/a	1	n/a	n/a	n/a	n/a	n/a	n/a	n/a	n/a
1670.7556	1	80	n/a	n/a	1	n/a	n/a	n/a	n/a	n/a	n/a	n/a	n/a
1670.9638	1	30	n/a	n/a	1	n/a	n/a	n/a	n/a	n/a	n/a	n/a	n/a
1672.9804	1	40	n/a	n/a	1	n/a	n/a	n/a	n/a	n/a	n/a	n/a	n/a
1674.997	1	10	645.3	645.3	1	0	1	0	0.5	0.55985	0.3	0.15985	20
1675.6468	1	20	n/a	n/a	1	n/a	n/a	n/a	n/a	n/a	n/a	n/a	n/a
1677.4888	1	80	n/a	n/a	1	n/a	n/a	n/a	n/a	n/a	n/a	n/a	n/a
1677.5888	1	80	n/a	n/a	1	n/a	n/a	n/a	n/a	n/a	n/a	n/a	n/a
1677.7968	1	31	n/a	n/a	1	n/a	n/a	n/a	n/a	n/a	n/a	n/a	n/a
1679.8134	1	40	n/a	n/a	1	n/a	n/a	n/a	n/a	n/a	n/a	n/a	n/a
1687.2462	1	10	827.7	827.7	1	0	1	0	0	0	0.5	0.5	21
1688.0794	1	20	n/a	n/a	1	n/a	n/a	n/a	n/a	n/a	n/a	n/a	n/a
1689.2274	1	80	n/a	n/a	1	n/a	n/a	n/a	n/a	n/a	n/a	n/a	n/a
1689.3274	1	80	n/a	n/a	1	n/a	n/a	n/a	n/a	n/a	n/a	n/a	n/a
1689.5294	1	31	n/a	n/a	1	n/a	n/a	n/a	n/a	n/a	n/a	n/a	n/a
1691.546	1	10	2143.8	2143.8	1	0	1	0	0	0	0.6	0.6	22
1693.6958	1	20	n/a	n/a	1	n/a	n/a	n/a	n/a	n/a	n/a	n/a	n/a
1695.1018	1	80	n/a	n/a	1	n/a	n/a	n/a	n/a	n/a	n/a	n/a	n/a
1695.2018	1	80	n/a	n/a	1	n/a	n/a	n/a	n/a	n/a	n/a	n/a	n/a
1695.4124	1	30	n/a	n/a	1	n/a	n/a	n/a	n/a	n/a	n/a	n/a	n/a
1697.429	1	10	1540.8	1540.8	1	0	1	0	0	0	0.1	0.1	23
1698.9788	1	20	n/a	n/a	1	n/a	n/a	n/a	n/a	n/a	n/a	n/a	n/a
1700.5418	1	80	n/a	n/a	1	n/a	n/a	n/a	n/a	n/a	n/a	n/a	n/a
1700.6418	1	80	n/a	n/a	1	n/a	n/a	n/a	n/a	n/a	n/a	n/a	n/a
1700.8454	1	31	n/a	n/a	1	n/a	n/a	n/a	n/a	n/a	n/a	n/a	n/a
1702.862	1	10	3963.5	3963.5	1	0	1	0	0	0	0.9	0.9	24
1706.8284	1	20	n/a	n/a	1	n/a	n/a	n/a	n/a	n/a	n/a	n/a	n/a
1708.1342	1	80	n/a	n/a	1	n/a	n/a	n/a	n/a	n/a	n/a	n/a	n/a
1708.2342	1	80	n/a	n/a	1	n/a	n/a	n/a	n/a	n/a	n/a	n/a	n/a
1708.445	1	30	n/a	n/a	1	n/a	n/a	n/a	n/a	n/a	n/a	n/a	n/a
1710.4614	1	10	811.9	811.9	1	0	1	0	0	0	0.4	0.4	25
1711.2782	1	20	n/a	n/a	1	n/a	n/a	n/a	n/a	n/a	n/a	n/a	n/a
1712.3452	1	80	n/a	n/a	1	n/a	n/a	n/a	n/a	n/a	n/a	n/a	n/a
1712.4452	1	80	n/a	n/a	1	n/a	n/a	n/a	n/a	n/a	n/a	n/a	n/a
1712.6614	1	31	n/a	n/a	1	n/a	n/a	n/a	n/a	n/a	n/a	n/a	n/a
1714.6778	1	10	787.5	787.5	1	0	1	0	0	0	0.6	0.6	26
1715.4778	1	20	n/a	n/a	1	n/a	n/a	n/a	n/a	n/a	n/a	n/a	n/a
1716.6428	1	80	n/a	n/a	1	n/a	n/a	n/a	n/a	n/a	n/a	n/a	n/a
1716.7428	1	80	n/a	n/a	1	n/a	n/a	n/a	n/a	n/a	n/a	n/a	n/a
1716.9444	1	31	n/a	n/a	1	n/a	n/a	n/a	n/a	n/a	n/a	n/a	n/a
1718.961	1	10	824.3	824.3	1	0	1	0	0	0	0.7	0.7	27
1719.7942	1	20	n/a	n/a	1	n/a	n/a	n/a	n/a	n/a	n/a	n/a	n/a
1721.4292	1	80	n/a	n/a	1	n/a	n/a	n/a	n/a	n/a	n/a	n/a	n/a
1721.5292	1	80	n/a	n/a	1	n/a	n/a	n/a	n/a	n/a	n/a	n/a	n/a
1721.7442	1	30	n/a	n/a	1	n/a	n/a	n/a	n/a	n/a	n/a	n/a	n/a
1723.7606	1	10	792.4	792.4	1	0	1	0	0	0	0.3	0.3	28
1724.5606	1	20	n/a	n/a	1	n/a	n/a	n/a	n/a	n/a	n/a	n/a	n/a
1726.1366	1	80	n/a	n/a	1	n/a	n/a	n/a	n/a	n/a	n/a	n/a	n/a
1726.2366	1	80	n/a	n/a	1	n/a	n/a	n/a	n/a	n/a	n/a	n/a	n/a
1726.4438	1	30	n/a	n/a	1	n/a	n/a	n/a	n/a	n/a	n/a	n/a	n/a
1728.4604	1	10	1276.5	1276.5	1	0	1	0	0	0	0.5	0.5	29
1729.7436	1	20	n/a	n/a	1	n/a	n/a	n/a	n/a	n/a	n/a	n/a	n/a
1730.8026	1	80	n/a	n/a	1	n/a	n/a	n/a	n/a	n/a	n/a	n/a	n/a
1730.9026	1	80	n/a	n/a	1	n/a	n/a	n/a	n/a	n/a	n/a	n/a	n/a
1731.1102	1	31	n/a	n/a	1	n/a	n/a	n/a	n/a	n/a	n/a	n/a	n/a
1733.1268	1	10	1538.1	1538.1	1	0	1	0	0	0	0.5	0.5	30
1734.6768	1	20	n/a	n/a	1	n/a	n/a	n/a	n/a	n/a	n/a	n/a	n/a
1736.3048	1	80	n/a	n/a	1	n/a	n/a	n/a	n/a	n/a	n/a	n/a	n/a
1736.4048	1	80	n/a	n/a	1	n/a	n/a	n/a	n/a	n/a	n/a	n/a	n/a
1736.61	1	30	n/a	n/a	1	n/a	n/a	n/a	n/a	n/a	n/a	n/a	n/a
1746.6426	1	10	837.9	837.9	1	0	1	0	0.4	0.33521	0.1	0.020833	31
1747.4926	1	20	n/a	n/a	1	n/a	n/a	n/a	n/a	n/a	n/a	n/a	n/a
1749.1616	1	80	n/a	n/a	1	n/a	n/a	n/a	n/a	n/a	n/a	n/a	n/a
1749.2616	1	80	n/a	n/a	1	n/a	n/a	n/a	n/a	n/a	n/a	n/a	n/a
1749.4758	1	31	n/a	n/a	1	n/a	n/a	n/a	n/a	n/a	n/a	n/a	n/a
1751.4924	1	40	n/a	n/a	1	n/a	n/a	n/a	n/a	n/a	n/a	n/a	n/a
1753.509	1	10	643.5	643.5	1	0	1	0	0.4	0.025218	0.8	0.68348	32
1754.1588	1	20	n/a	n/a	1	n/a	n/a	n/a	n/a	n/a	n/a	n/a	n/a
1755.7998	1	80	n/a	n/a	1	n/a	n/a	n/a	n/a	n/a	n/a	n/a	n/a
1755.8998	1	80	n/a	n/a	1	n/a	n/a	n/a	n/a	n/a	n/a	n/a	n/a
1756.1088	1	30	n/a	n/a	1	n/a	n/a	n/a	n/a	n/a	n/a	n/a	n/a
1758.1254	1	40	n/a	n/a	1	n/a	n/a	n/a	n/a	n/a	n/a	n/a	n/a
1760.1418	1	10	1018.4	1018.4	1	0	1	0	0.5	0.93835	0.1	0.13835	33
1761.1752	1	20	n/a	n/a	1	n/a	n/a	n/a	n/a	n/a	n/a	n/a	n/a
1762.8122	1	80	n/a	n/a	1	n/a	n/a	n/a	n/a	n/a	n/a	n/a	n/a
1762.9122	1	80	n/a	n/a	1	n/a	n/a	n/a	n/a	n/a	n/a	n/a	n/a
1763.125	1	30	n/a	n/a	1	n/a	n/a	n/a	n/a	n/a	n/a	n/a	n/a
1765.1416	1	40	n/a	n/a	1	n/a	n/a	n/a	n/a	n/a	n/a	n/a	n/a
1767.1582	1	10	8097.9	8097.9	1	0	1	0	0.5	0.88173	0.2	0.28173	34
1775.2742	1	20	n/a	n/a	1	n/a	n/a	n/a	n/a	n/a	n/a	n/a	n/a
1776.7414	1	80	n/a	n/a	1	n/a	n/a	n/a	n/a	n/a	n/a	n/a	n/a
1776.8414	1	80	n/a	n/a	1	n/a	n/a	n/a	n/a	n/a	n/a	n/a	n/a
1777.0576	1	31	n/a	n/a	1	n/a	n/a	n/a	n/a	n/a	n/a	n/a	n/a
1779.074	1	40	n/a	n/a	1	n/a	n/a	n/a	n/a	n/a	n/a	n/a	n/a
1781.0906	1	10	853.1	853.1	1	0	1	0	0.8	0.54904	0.4	0.19616	35
1781.9572	1	20	n/a	n/a	1	n/a	n/a	n/a	n/a	n/a	n/a	n/a	n/a
1783.1062	1	80	n/a	n/a	1	n/a	n/a	n/a	n/a	n/a	n/a	n/a	n/a
1783.2062	1	80	n/a	n/a	1	n/a	n/a	n/a	n/a	n/a	n/a	n/a	n/a
1783.4238	1	30	n/a	n/a	1	n/a	n/a	n/a	n/a	n/a	n/a	n/a	n/a
1785.4404	1	40	n/a	n/a	1	n/a	n/a	n/a	n/a	n/a	n/a	n/a	n/a
1787.457	1	10	1222.7	1222.7	1	0	1	0	0.8	0.55939	0.9	0.9375	36
1788.6902	1	20	n/a	n/a	1	n/a	n/a	n/a	n/a	n/a	n/a	n/a	n/a
1789.9422	1	80	n/a	n/a	1	n/a	n/a	n/a	n/a	n/a	n/a	n/a	n/a
1790.0422	1	80	n/a	n/a	1	n/a	n/a	n/a	n/a	n/a	n/a	n/a	n/a
1790.2568	1	30	n/a	n/a	1	n/a	n/a	n/a	n/a	n/a	n/a	n/a	n/a
1792.2732	1	40	n/a	n/a	1	n/a	n/a	n/a	n/a	n/a	n/a	n/a	n/a
1794.2898	1	10	2405.6	2405.6	1	0	1	0	0.8	0.86425	0.2	0.45698	37
1796.7064	1	20	n/a	n/a	1	n/a	n/a	n/a	n/a	n/a	n/a	n/a	n/a
1798.2964	1	80	n/a	n/a	1	n/a	n/a	n/a	n/a	n/a	n/a	n/a	n/a
1798.3964	1	80	n/a	n/a	1	n/a	n/a	n/a	n/a	n/a	n/a	n/a	n/a
1798.6062	1	31	n/a	n/a	1	n/a	n/a	n/a	n/a	n/a	n/a	n/a	n/a
1800.6228	1	40	n/a	n/a	1	n/a	n/a	n/a	n/a	n/a	n/a	n/a	n/a
1802.6394	1	10	1879.9	1879.9	1	0	1	0	0.8	0.35038	0.6	0.40152	38
1804.5226	1	20	n/a	n/a	1	n/a	n/a	n/a	n/a	n/a	n/a	n/a	n/a
1806.2646	1	80	n/a	n/a	1	n/a	n/a	n/a	n/a	n/a	n/a	n/a	n/a
1806.3646	1	80	n/a	n/a	1	n/a	n/a	n/a	n/a	n/a	n/a	n/a	n/a
1806.5724	1	30	n/a	n/a	1	n/a	n/a	n/a	n/a	n/a	n/a	n/a	n/a
1808.589	1	40	n/a	n/a	1	n/a	n/a	n/a	n/a	n/a	n/a	n/a	n/a
1810.6056	1	10	2937.6	2937.6	1	0	1	0	0.5	0.99048	0.1	0.19048	39
1813.5554	1	20	n/a	n/a	1	n/a	n/a	n/a	n/a	n/a	n/a	n/a	n/a
1814.8164	1	80	n/a	n/a	1	n/a	n/a	n/a	n/a	n/a	n/a	n/a	n/a
1814.9164	1	80	n/a	n/a	1	n/a	n/a	n/a	n/a	n/a	n/a	n/a	n/a
1815.122	1	31	n/a	n/a	1	n/a	n/a	n/a	n/a	n/a	n/a	n/a	n/a
1817.1384	1	40	n/a	n/a	1	n/a	n/a	n/a	n/a	n/a	n/a	n/a	n/a
1853.353	1	10	669.1	669.1	1	0	1	0	0.7	0.19665	0.6	0.12552	40
1854.0362	1	20	n/a	n/a	1	n/a	n/a	n/a	n/a	n/a	n/a	n/a	n/a
1856.0012	1	80	n/a	n/a	1	n/a	n/a	n/a	n/a	n/a	n/a	n/a	n/a
1856.1012	1	80	n/a	n/a	1	n/a	n/a	n/a	n/a	n/a	n/a	n/a	n/a
1856.3028	1	31	n/a	n/a	1	n/a	n/a	n/a	n/a	n/a	n/a	n/a	n/a
1858.3194	1	40	n/a	n/a	1	n/a	n/a	n/a	n/a	n/a	n/a	n/a	n/a
1891.684	1	10	609.2	609.2	1	0	0	1	0	0	0.5	0.5	1
1892.3006	1	20	n/a	n/a	1	n/a	n/a	n/a	n/a	n/a	n/a	n/a	n/a
1893.7606	1	80	n/a	n/a	1	n/a	n/a	n/a	n/a	n/a	n/a	n/a	n/a
1893.8606	1	80	n/a	n/a	1	n/a	n/a	n/a	n/a	n/a	n/a	n/a	n/a
1894.0672	1	30	n/a	n/a	1	n/a	n/a	n/a	n/a	n/a	n/a	n/a	n/a
1896.0838	1	10	737.4	737.4	1	0	0	1	0	0	0.4	0.4	2
1896.8338	1	20	n/a	n/a	1	n/a	n/a	n/a	n/a	n/a	n/a	n/a	n/a
1897.9918	1	80	n/a	n/a	1	n/a	n/a	n/a	n/a	n/a	n/a	n/a	n/a
1898.0918	1	80	n/a	n/a	1	n/a	n/a	n/a	n/a	n/a	n/a	n/a	n/a
1898.3004	1	30	n/a	n/a	1	n/a	n/a	n/a	n/a	n/a	n/a	n/a	n/a
1900.3168	1	10	680.2	680.2	1	0	0	1	0	0	0.9	0.9	3
1901.0002	1	20	n/a	n/a	1	n/a	n/a	n/a	n/a	n/a	n/a	n/a	n/a
1902.1382	1	80	n/a	n/a	1	n/a	n/a	n/a	n/a	n/a	n/a	n/a	n/a
1902.2382	1	80	n/a	n/a	1	n/a	n/a	n/a	n/a	n/a	n/a	n/a	n/a
1902.45	1	31	n/a	n/a	1	n/a	n/a	n/a	n/a	n/a	n/a	n/a	n/a
1904.4666	1	10	1122.3	1122.3	1	0	0	1	0	0	0.2	0.2	4
1905.5998	1	20	n/a	n/a	1	n/a	n/a	n/a	n/a	n/a	n/a	n/a	n/a
1907.3288	1	80	n/a	n/a	1	n/a	n/a	n/a	n/a	n/a	n/a	n/a	n/a
1907.429	1	80	n/a	n/a	1	n/a	n/a	n/a	n/a	n/a	n/a	n/a	n/a
1907.633	1	31	n/a	n/a	1	n/a	n/a	n/a	n/a	n/a	n/a	n/a	n/a
1909.6496	1	10	3251.2	3251.2	1	0	0	1	0	0	0.8	0.8	5
1912.9162	1	20	n/a	n/a	1	n/a	n/a	n/a	n/a	n/a	n/a	n/a	n/a
1914.1282	1	80	n/a	n/a	1	n/a	n/a	n/a	n/a	n/a	n/a	n/a	n/a
1914.2282	1	80	n/a	n/a	1	n/a	n/a	n/a	n/a	n/a	n/a	n/a	n/a
1914.4326	1	31	n/a	n/a	1	n/a	n/a	n/a	n/a	n/a	n/a	n/a	n/a
1916.4492	1	10	2067.4	2067.4	1	0	0	1	0	0	0.1	0.1	6
1918.5324	1	20	n/a	n/a	1	n/a	n/a	n/a	n/a	n/a	n/a	n/a	n/a
1920.1184	1	80	n/a	n/a	1	n/a	n/a	n/a	n/a	n/a	n/a	n/a	n/a
1920.2184	1	80	n/a	n/a	1	n/a	n/a	n/a	n/a	n/a	n/a	n/a	n/a
1920.4324	1	31	n/a	n/a	1	n/a	n/a	n/a	n/a	n/a	n/a	n/a	n/a
1922.4488	1	10	4771.5	4771.5	1	0	0	1	0	0	0.6	0.6	7
1927.232	1	20	n/a	n/a	1	n/a	n/a	n/a	n/a	n/a	n/a	n/a	n/a
1929.151	1	80	n/a	n/a	1	n/a	n/a	n/a	n/a	n/a	n/a	n/a	n/a
1929.251	1	80	n/a	n/a	1	n/a	n/a	n/a	n/a	n/a	n/a	n/a	n/a
1929.4652	1	30	n/a	n/a	1	n/a	n/a	n/a	n/a	n/a	n/a	n/a	n/a
1931.4816	1	10	682.6	682.6	1	0	0	1	0	0	0.1	0.1	8
1932.1816	1	20	n/a	n/a	1	n/a	n/a	n/a	n/a	n/a	n/a	n/a	n/a
1933.5806	1	80	n/a	n/a	1	n/a	n/a	n/a	n/a	n/a	n/a	n/a	n/a
1933.6806	1	80	n/a	n/a	1	n/a	n/a	n/a	n/a	n/a	n/a	n/a	n/a
1933.8982	1	31	n/a	n/a	1	n/a	n/a	n/a	n/a	n/a	n/a	n/a	n/a
1935.9148	1	10	1321.4	1321.4	1	0	0	1	0	0	0.7	0.7	9
1937.248	1	20	n/a	n/a	1	n/a	n/a	n/a	n/a	n/a	n/a	n/a	n/a
1938.953	1	80	n/a	n/a	1	n/a	n/a	n/a	n/a	n/a	n/a	n/a	n/a
1939.053	1	80	n/a	n/a	1	n/a	n/a	n/a	n/a	n/a	n/a	n/a	n/a
1939.2646	1	30	n/a	n/a	1	n/a	n/a	n/a	n/a	n/a	n/a	n/a	n/a
1941.281	1	10	739	739	1	0	0	1	0	0	0.4	0.4	10
1942.031	1	20	n/a	n/a	1	n/a	n/a	n/a	n/a	n/a	n/a	n/a	n/a
1943.169	1	80	n/a	n/a	1	n/a	n/a	n/a	n/a	n/a	n/a	n/a	n/a
1943.269	1	80	n/a	n/a	1	n/a	n/a	n/a	n/a	n/a	n/a	n/a	n/a
1943.481	1	31	n/a	n/a	1	n/a	n/a	n/a	n/a	n/a	n/a	n/a	n/a
1953.5138	1	10	634.2	634.2	1	0	0	1	0.8	0.98223	0.1	0.42892	11
1954.1636	1	20	n/a	n/a	1	n/a	n/a	n/a	n/a	n/a	n/a	n/a	n/a
1955.4876	1	80	n/a	n/a	1	n/a	n/a	n/a	n/a	n/a	n/a	n/a	n/a
1955.5876	1	80	n/a	n/a	1	n/a	n/a	n/a	n/a	n/a	n/a	n/a	n/a
1955.797	1	31	n/a	n/a	1	n/a	n/a	n/a	n/a	n/a	n/a	n/a	n/a
1957.8134	1	40	n/a	n/a	1	n/a	n/a	n/a	n/a	n/a	n/a	n/a	n/a
1959.83	1	10	1357.7	1357.7	1	0	0	1	0.7	0.29372	0.7	0.68535	12
1961.1966	1	20	n/a	n/a	1	n/a	n/a	n/a	n/a	n/a	n/a	n/a	n/a
1962.5676	1	80	n/a	n/a	1	n/a	n/a	n/a	n/a	n/a	n/a	n/a	n/a
1962.6676	1	80	n/a	n/a	1	n/a	n/a	n/a	n/a	n/a	n/a	n/a	n/a
1962.8798	1	30	n/a	n/a	1	n/a	n/a	n/a	n/a	n/a	n/a	n/a	n/a
1964.8964	1	40	n/a	n/a	1	n/a	n/a	n/a	n/a	n/a	n/a	n/a	n/a
1966.913	1	10	1266.6	1266.6	1	0	0	1	0.8	0.64895	0.1	0.0625	13
1968.1962	1	20	n/a	n/a	1	n/a	n/a	n/a	n/a	n/a	n/a	n/a	n/a
1969.5522	1	80	n/a	n/a	1	n/a	n/a	n/a	n/a	n/a	n/a	n/a	n/a
1969.6522	1	80	n/a	n/a	1	n/a	n/a	n/a	n/a	n/a	n/a	n/a	n/a
1969.8628	1	31	n/a	n/a	1	n/a	n/a	n/a	n/a	n/a	n/a	n/a	n/a
1971.8792	1	40	n/a	n/a	1	n/a	n/a	n/a	n/a	n/a	n/a	n/a	n/a
1973.8958	1	10	1771.5	1771.5	1	0	0	1	0.7	0.4331	0.1	0.041667	14
1975.679	1	20	n/a	n/a	1	n/a	n/a	n/a	n/a	n/a	n/a	n/a	n/a
1977.48	1	80	n/a	n/a	1	n/a	n/a	n/a	n/a	n/a	n/a	n/a	n/a
1977.58	1	80	n/a	n/a	1	n/a	n/a	n/a	n/a	n/a	n/a	n/a	n/a
1977.7956	1	30	n/a	n/a	1	n/a	n/a	n/a	n/a	n/a	n/a	n/a	n/a
1979.8122	1	40	n/a	n/a	1	n/a	n/a	n/a	n/a	n/a	n/a	n/a	n/a
1981.8286	1	10	1294.5	1294.5	1	0	0	1	0.6	0.0402	0.9	0.8103	15
1983.1286	1	20	n/a	n/a	1	n/a	n/a	n/a	n/a	n/a	n/a	n/a	n/a
1984.9656	1	80	n/a	n/a	1	n/a	n/a	n/a	n/a	n/a	n/a	n/a	n/a
1985.0656	1	80	n/a	n/a	1	n/a	n/a	n/a	n/a	n/a	n/a	n/a	n/a
1985.2784	1	31	n/a	n/a	1	n/a	n/a	n/a	n/a	n/a	n/a	n/a	n/a
1987.295	1	40	n/a	n/a	1	n/a	n/a	n/a	n/a	n/a	n/a	n/a	n/a
1989.3116	1	10	1091.4	1091.4	1	0	0	1	0.5	0.067777	0.6	0.26778	16
1990.4116	1	20	n/a	n/a	1	n/a	n/a	n/a	n/a	n/a	n/a	n/a	n/a
1992.0016	1	80	n/a	n/a	1	n/a	n/a	n/a	n/a	n/a	n/a	n/a	n/a
1992.1016	1	80	n/a	n/a	1	n/a	n/a	n/a	n/a	n/a	n/a	n/a	n/a
1992.3114	1	31	n/a	n/a	1	n/a	n/a	n/a	n/a	n/a	n/a	n/a	n/a
1994.328	1	40	n/a	n/a	1	n/a	n/a	n/a	n/a	n/a	n/a	n/a	n/a
1996.3444	1	10	1098.3	1098.3	1	0	0	1	0.5	0.35938	0.8	0.95938	17
1997.461	1	20	n/a	n/a	1	n/a	n/a	n/a	n/a	n/a	n/a	n/a	n/a
1998.7722	1	80	n/a	n/a	1	n/a	n/a	n/a	n/a	n/a	n/a	n/a	n/a
1998.8722	1	80	n/a	n/a	1	n/a	n/a	n/a	n/a	n/a	n/a	n/a	n/a
1999.0776	1	30	n/a	n/a	1	n/a	n/a	n/a	n/a	n/a	n/a	n/a	n/a
2001.0942	1	40	n/a	n/a	1	n/a	n/a	n/a	n/a	n/a	n/a	n/a	n/a
2003.1108	1	10	1211.9	1211.9	1	0	0	1	0.6	0.26102	0.7	0.64153	18
2004.3274	1	20	n/a	n/a	1	n/a	n/a	n/a	n/a	n/a	n/a	n/a	n/a
2005.7654	1	80	n/a	n/a	1	n/a	n/a	n/a	n/a	n/a	n/a	n/a	n/a
2005.8654	1	80	n/a	n/a	1	n/a	n/a	n/a	n/a	n/a	n/a	n/a	n/a
2006.0772	1	30	n/a	n/a	1	n/a	n/a	n/a	n/a	n/a	n/a	n/a	n/a
2008.0938	1	40	n/a	n/a	1	n/a	n/a	n/a	n/a	n/a	n/a	n/a	n/a
2010.1104	1	10	980.2	980.2	1	0	0	1	0.5	0.12224	0.9	0.92224	19
2011.0936	1	20	n/a	n/a	1	n/a	n/a	n/a	n/a	n/a	n/a	n/a	n/a
2012.6716	1	80	n/a	n/a	1	n/a	n/a	n/a	n/a	n/a	n/a	n/a	n/a
2012.7716	1	80	n/a	n/a	1	n/a	n/a	n/a	n/a	n/a	n/a	n/a	n/a
2012.9768	1	30	n/a	n/a	1	n/a	n/a	n/a	n/a	n/a	n/a	n/a	n/a
2014.9934	1	40	n/a	n/a	1	n/a	n/a	n/a	n/a	n/a	n/a	n/a	n/a
2017.01	1	10	1360.4	1360.4	1	0	0	1	0.5	0.11513	0.5	0.11513	20
2018.3766	1	20	n/a	n/a	1	n/a	n/a	n/a	n/a	n/a	n/a	n/a	n/a
2020.3636	1	80	n/a	n/a	1	n/a	n/a	n/a	n/a	n/a	n/a	n/a	n/a
2020.4636	1	80	n/a	n/a	1	n/a	n/a	n/a	n/a	n/a	n/a	n/a	n/a
2020.6764	1	30	n/a	n/a	1	n/a	n/a	n/a	n/a	n/a	n/a	n/a	n/a
2022.693	1	40	n/a	n/a	1	n/a	n/a	n/a	n/a	n/a	n/a	n/a	n/a
2032.7256	1	10	5372.3	5372.3	1	0	0	1	0	0	0.8	0.8	21
2038.1086	1	20	n/a	n/a	1	n/a	n/a	n/a	n/a	n/a	n/a	n/a	n/a
2039.6606	1	80	n/a	n/a	1	n/a	n/a	n/a	n/a	n/a	n/a	n/a	n/a
2039.7606	1	80	n/a	n/a	1	n/a	n/a	n/a	n/a	n/a	n/a	n/a	n/a
2039.9752	1	30	n/a	n/a	1	n/a	n/a	n/a	n/a	n/a	n/a	n/a	n/a
2041.9918	1	10	938	938	1	0	0	1	0	0	0.8	0.8	22
2042.9418	1	20	n/a	n/a	1	n/a	n/a	n/a	n/a	n/a	n/a	n/a	n/a
2044.0168	1	80	n/a	n/a	1	n/a	n/a	n/a	n/a	n/a	n/a	n/a	n/a
2044.1168	1	80	n/a	n/a	1	n/a	n/a	n/a	n/a	n/a	n/a	n/a	n/a
2044.325	1	31	n/a	n/a	1	n/a	n/a	n/a	n/a	n/a	n/a	n/a	n/a
2046.3416	1	10	1836.2	1836.2	1	0	0	1	0	0	0.3	0.3	23
2048.1914	1	20	n/a	n/a	1	n/a	n/a	n/a	n/a	n/a	n/a	n/a	n/a
2049.7874	1	80	n/a	n/a	1	n/a	n/a	n/a	n/a	n/a	n/a	n/a	n/a
2049.8874	1	80	n/a	n/a	1	n/a	n/a	n/a	n/a	n/a	n/a	n/a	n/a
2050.0912	1	31	n/a	n/a	1	n/a	n/a	n/a	n/a	n/a	n/a	n/a	n/a
2052.1078	1	10	6469.6	6469.6	1	0	0	1	0	0	0.7	0.7	24
2058.5908	1	20	n/a	n/a	1	n/a	n/a	n/a	n/a	n/a	n/a	n/a	n/a
2060.5008	1	80	n/a	n/a	1	n/a	n/a	n/a	n/a	n/a	n/a	n/a	n/a
2060.6008	1	80	n/a	n/a	1	n/a	n/a	n/a	n/a	n/a	n/a	n/a	n/a
2060.8074	1	31	n/a	n/a	1	n/a	n/a	n/a	n/a	n/a	n/a	n/a	n/a
2062.8238	1	10	937.4	937.4	1	0	0	1	0	0	0.3	0.3	25
2063.7738	1	20	n/a	n/a	1	n/a	n/a	n/a	n/a	n/a	n/a	n/a	n/a
2065.1788	1	80	n/a	n/a	1	n/a	n/a	n/a	n/a	n/a	n/a	n/a	n/a
2065.2788	1	80	n/a	n/a	1	n/a	n/a	n/a	n/a	n/a	n/a	n/a	n/a
2065.4904	1	30	n/a	n/a	1	n/a	n/a	n/a	n/a	n/a	n/a	n/a	n/a
2067.507	1	10	2846.3	2846.3	1	0	0	1	0	0	0.9	0.9	26
2070.3568	1	20	n/a	n/a	1	n/a	n/a	n/a	n/a	n/a	n/a	n/a	n/a
2071.6028	1	80	n/a	n/a	1	n/a	n/a	n/a	n/a	n/a	n/a	n/a	n/a
2071.7028	1	80	n/a	n/a	1	n/a	n/a	n/a	n/a	n/a	n/a	n/a	n/a
2071.9066	1	30	n/a	n/a	1	n/a	n/a	n/a	n/a	n/a	n/a	n/a	n/a
2073.9232	1	10	1021.9	1021.9	1	0	0	1	0	0	0.1	0.1	27
2074.9564	1	20	n/a	n/a	1	n/a	n/a	n/a	n/a	n/a	n/a	n/a	n/a
2076.6504	1	80	n/a	n/a	1	n/a	n/a	n/a	n/a	n/a	n/a	n/a	n/a
2076.7504	1	80	n/a	n/a	1	n/a	n/a	n/a	n/a	n/a	n/a	n/a	n/a
2076.9564	1	30	n/a	n/a	1	n/a	n/a	n/a	n/a	n/a	n/a	n/a	n/a
2078.973	1	10	708	708	1	0	0	1	0	0	0.5	0.5	28
2079.6896	1	20	n/a	n/a	1	n/a	n/a	n/a	n/a	n/a	n/a	n/a	n/a
2080.7156	1	80	n/a	n/a	1	n/a	n/a	n/a	n/a	n/a	n/a	n/a	n/a
2080.8156	1	80	n/a	n/a	1	n/a	n/a	n/a	n/a	n/a	n/a	n/a	n/a
2081.0228	1	30	n/a	n/a	1	n/a	n/a	n/a	n/a	n/a	n/a	n/a	n/a
2083.0394	1	10	3345.4	3345.4	1	0	0	1	0	0	0.8	0.8	29
2086.3892	1	20	n/a	n/a	1	n/a	n/a	n/a	n/a	n/a	n/a	n/a	n/a
2087.8902	1	80	n/a	n/a	1	n/a	n/a	n/a	n/a	n/a	n/a	n/a	n/a
2087.9902	1	80	n/a	n/a	1	n/a	n/a	n/a	n/a	n/a	n/a	n/a	n/a
2088.2056	1	30	n/a	n/a	1	n/a	n/a	n/a	n/a	n/a	n/a	n/a	n/a
2143.669	1	10	1068.2	1068.2	1	0	0	1	0	0	0.2	0.2	30
2144.7356	1	20	n/a	n/a	1	n/a	n/a	n/a	n/a	n/a	n/a	n/a	n/a
2146.6646	1	80	n/a	n/a	1	n/a	n/a	n/a	n/a	n/a	n/a	n/a	n/a
2146.7646	1	80	n/a	n/a	1	n/a	n/a	n/a	n/a	n/a	n/a	n/a	n/a
2146.9688	1	31	n/a	n/a	1	n/a	n/a	n/a	n/a	n/a	n/a	n/a	n/a
2157.0016	1	10	725.5	725.5	1	0	0	1	0.8	0.62215	0.4	0.48859	31
2157.7348	1	20	n/a	n/a	1	n/a	n/a	n/a	n/a	n/a	n/a	n/a	n/a
2159.033	1	80	n/a	n/a	1	n/a	n/a	n/a	n/a	n/a	n/a	n/a	n/a
2159.1328	1	80	n/a	n/a	1	n/a	n/a	n/a	n/a	n/a	n/a	n/a	n/a
2159.3348	1	30	n/a	n/a	1	n/a	n/a	n/a	n/a	n/a	n/a	n/a	n/a
2161.3514	1	40	n/a	n/a	1	n/a	n/a	n/a	n/a	n/a	n/a	n/a	n/a
2163.3678	1	10	1319.1	1319.1	1	0	0	1	0.7	0.72596	0.4	0.6939	32
2164.7012	1	20	n/a	n/a	1	n/a	n/a	n/a	n/a	n/a	n/a	n/a	n/a
2165.7012	1	80	n/a	n/a	1	n/a	n/a	n/a	n/a	n/a	n/a	n/a	n/a
2165.8012	1	80	n/a	n/a	1	n/a	n/a	n/a	n/a	n/a	n/a	n/a	n/a
2166.0178	1	30	n/a	n/a	1	n/a	n/a	n/a	n/a	n/a	n/a	n/a	n/a
2168.0342	1	40	n/a	n/a	1	n/a	n/a	n/a	n/a	n/a	n/a	n/a	n/a
2170.0508	1	10	684	684	1	0	0	1	0.7	0.49713	0.4	0.15998	33
2170.7508	1	20	n/a	n/a	1	n/a	n/a	n/a	n/a	n/a	n/a	n/a	n/a
2172.5638	1	80	n/a	n/a	1	n/a	n/a	n/a	n/a	n/a	n/a	n/a	n/a
2172.6638	1	80	n/a	n/a	1	n/a	n/a	n/a	n/a	n/a	n/a	n/a	n/a
2172.8674	1	30	n/a	n/a	1	n/a	n/a	n/a	n/a	n/a	n/a	n/a	n/a
2174.8838	1	40	n/a	n/a	1	n/a	n/a	n/a	n/a	n/a	n/a	n/a	n/a
2176.9004	1	10	634.2	634.2	1	0	0	1	0.4	0.49635	0.5	0.49757	34
2177.5504	1	20	n/a	n/a	1	n/a	n/a	n/a	n/a	n/a	n/a	n/a	n/a
2179.1534	1	80	n/a	n/a	1	n/a	n/a	n/a	n/a	n/a	n/a	n/a	n/a
2179.2534	1	80	n/a	n/a	1	n/a	n/a	n/a	n/a	n/a	n/a	n/a	n/a
2179.467	1	31	n/a	n/a	1	n/a	n/a	n/a	n/a	n/a	n/a	n/a	n/a
2181.4834	1	40	n/a	n/a	1	n/a	n/a	n/a	n/a	n/a	n/a	n/a	n/a
2183.5	1	10	1330.5	1330.5	1	0	0	1	0.4	0.055806	0.8	0.70387	35
2184.8332	1	20	n/a	n/a	1	n/a	n/a	n/a	n/a	n/a	n/a	n/a	n/a
2186.6962	1	80	n/a	n/a	1	n/a	n/a	n/a	n/a	n/a	n/a	n/a	n/a
2186.7962	1	80	n/a	n/a	1	n/a	n/a	n/a	n/a	n/a	n/a	n/a	n/a
2186.9998	1	30	n/a	n/a	1	n/a	n/a	n/a	n/a	n/a	n/a	n/a	n/a
2189.0164	1	40	n/a	n/a	1	n/a	n/a	n/a	n/a	n/a	n/a	n/a	n/a
2191.033	1	10	8613.2	8613.2	1	0	0	1	0.4	0.23856	0.7	0.65904	36
2199.649	1	20	n/a	n/a	1	n/a	n/a	n/a	n/a	n/a	n/a	n/a	n/a
2201.177	1	80	n/a	n/a	1	n/a	n/a	n/a	n/a	n/a	n/a	n/a	n/a
2201.277	1	80	n/a	n/a	1	n/a	n/a	n/a	n/a	n/a	n/a	n/a	n/a
2201.4822	1	30	n/a	n/a	1	n/a	n/a	n/a	n/a	n/a	n/a	n/a	n/a
2203.4988	1	40	n/a	n/a	1	n/a	n/a	n/a	n/a	n/a	n/a	n/a	n/a
2205.5154	1	10	1314.6	1314.6	1	0	0	1	0.4	0.79181	0.6	0.86121	37
2206.8486	1	20	n/a	n/a	1	n/a	n/a	n/a	n/a	n/a	n/a	n/a	n/a
2208.4626	1	80	n/a	n/a	1	n/a	n/a	n/a	n/a	n/a	n/a	n/a	n/a
2208.5626	1	80	n/a	n/a	1	n/a	n/a	n/a	n/a	n/a	n/a	n/a	n/a
2208.7652	1	30	n/a	n/a	1	n/a	n/a	n/a	n/a	n/a	n/a	n/a	n/a
2210.7818	1	40	n/a	n/a	1	n/a	n/a	n/a	n/a	n/a	n/a	n/a	n/a
2212.7982	1	10	8111.4	8111.4	1	0	0	1	0.7	0.62095	0.1	0.041667	38
2220.9144	1	20	n/a	n/a	1	n/a	n/a	n/a	n/a	n/a	n/a	n/a	n/a
2222.4754	1	80	n/a	n/a	1	n/a	n/a	n/a	n/a	n/a	n/a	n/a	n/a
2222.5754	1	80	n/a	n/a	1	n/a	n/a	n/a	n/a	n/a	n/a	n/a	n/a
2222.781	1	31	n/a	n/a	1	n/a	n/a	n/a	n/a	n/a	n/a	n/a	n/a
2224.7976	1	40	n/a	n/a	1	n/a	n/a	n/a	n/a	n/a	n/a	n/a	n/a
2226.8142	1	10	4399.4	4399.4	1	0	0	1	0.4	0.56289	0.3	0.20859	39
2231.2306	1	20	n/a	n/a	1	n/a	n/a	n/a	n/a	n/a	n/a	n/a	n/a
2233.1136	1	80	n/a	n/a	1	n/a	n/a	n/a	n/a	n/a	n/a	n/a	n/a
2233.2136	1	80	n/a	n/a	1	n/a	n/a	n/a	n/a	n/a	n/a	n/a	n/a
2233.4304	1	30	n/a	n/a	1	n/a	n/a	n/a	n/a	n/a	n/a	n/a	n/a
2235.447	1	40	n/a	n/a	1	n/a	n/a	n/a	n/a	n/a	n/a	n/a	n/a
2237.4634	1	10	661.8	661.8	1	0	0	1	0.7	0.37933	0.6	0.55178	40
2238.1302	1	20	n/a	n/a	1	n/a	n/a	n/a	n/a	n/a	n/a	n/a	n/a
2239.6702	1	80	n/a	n/a	1	n/a	n/a	n/a	n/a	n/a	n/a	n/a	n/a
2239.7702	1	80	n/a	n/a	1	n/a	n/a	n/a	n/a	n/a	n/a	n/a	n/a
2239.98	1	30	n/a	n/a	1	n/a	n/a	n/a	n/a	n/a	n/a	n/a	n/a
2241.9966	1	40	n/a	n/a	1	n/a	n/a	n/a	n/a	n/a	n/a	n/a	n/a
